ARG_ID,MGE_ID,MGE_Group,Donor,Pre,Post,PatientCount
AAC3,gene:plasmid:14303,plasmid,0,0,3,1
AAC3,gene:plasmid:14303,plasmid,1,0,3,1
AAC3,gene:plasmid:14304,plasmid,0,0,3,1
AAC3,gene:plasmid:14304,plasmid,1,0,3,1
AAC3,gene:plasmid:158830,plasmid,0,0,3,1
AAC3,gene:plasmid:158830,plasmid,1,0,3,1
AAC6-PRIME,gene:plasmid:13101,plasmid,0,1,0,1
AAC6-PRIME,gene:plasmid:15542,plasmid,1,0,3,1
AAC6-PRIME,gene:plasmid:15547,likely IS/TE,0,0,1,1
AAC6-PRIME,gene:plasmid:15632,likely IS/TE,0,0,1,1
AAC6-PRIME,gene:plasmid:15632,likely IS/TE,0,1,0,1
AAC6-PRIME,gene:plasmid:28968,plasmid,0,0,1,1
AAC6-PRIME,gene:plasmid:28968,plasmid,1,0,3,1
AAC6-PRIME,gene:proph:167231,likely IS/TE,0,0,1,1
ACN,gene:plasmid:118383,plasmid,0,0,1,1
ACN,gene:plasmid:28516,plasmid,1,0,3,1
ACRA,gene:proph:170892,prophage,0,1,0,3
ACRA,gene:proph:173723,prophage,0,1,0,2
ACRA,gene:proph:176924,prophage,1,0,3,1
ACRD,gene:plasmid:142099,plasmid,0,1,0,1
ACRD,gene:plasmid:15815,likely IS/TE,0,1,0,1
ACRD,gene:plasmid:15816,likely IS/TE,0,1,0,1
ACRD,gene:proph:163979,prophage,0,1,1,1
ACRD,gene:proph:176871,prophage,0,1,0,1
ACRD,gene:proph:176873,prophage,0,1,0,1
ACRD,gene:proph:176874,prophage,0,1,0,1
ACRD,gene:proph:176880,prophage,0,1,0,1
ACRD,gene:proph:176884,prophage,0,1,0,1
ACRD,gene:proph:176893,prophage,0,1,0,1
ACRD,gene:proph:176897,prophage,0,1,0,1
ACRD,gene:proph:176902,prophage,0,1,0,1
ACRD,gene:proph:176905,prophage,0,1,0,1
ACRD,gene:proph:176909,prophage,0,1,0,1
ACRD,gene:proph:182641,prophage,0,1,0,1
ACRD,gene:proph:182647,prophage,0,1,0,1
ACRD,gene:proph:182649,prophage,0,1,0,1
ACRD,gene:proph:183583,prophage,0,1,0,2
ACRD,gene:proph:183597,prophage,0,1,0,2
ACRD,gene:proph:183597,prophage,0,1,1,1
ACRD,gene:proph:183597,prophage,0,1,3,1
ACRD,gene:proph:184642,prophage,0,1,0,1
ACRD,gene:proph:184643,prophage,0,1,0,1
ACRD,gene:proph:184644,prophage,0,1,0,1
ACRD,gene:vir:104367,virus,0,1,0,1
ACRD,gene:vir:105421,virus,0,1,0,1
ACRD,gene:vir:6834,virus,0,0,3,1
ACRD,gene:vir:6834,virus,0,1,0,1
ACRD,gene:vir:7156,virus,0,1,0,2
ACRD,gene:vir:95310,virus,0,1,0,1
ACRD,gene:vir:95311,virus,0,1,0,1
ACRD,gene:vir:95313,virus,0,1,0,1
ACRD,gene:vir:95314,virus,0,1,0,1
ACRD,gene:vir:95318,virus,0,1,0,1
ACRD,gene:vir:95319,virus,0,1,0,1
ACRD,gene:vir:95322,virus,0,1,0,1
ACRD,gene:vir:95323,virus,0,1,0,1
ACRD,gene:vir:95324,virus,0,1,0,1
ACRD,gene:vir:95326,virus,0,1,0,1
ACRD,gene:vir:95330,virus,0,1,0,1
ACRD,gene:vir:95331,virus,0,1,0,1
ACRD,gene:vir:95347,virus,0,1,0,1
ACRD,gene:vir:95348,virus,0,1,0,1
ACRD,gene:vir:95349,virus,0,1,0,1
ACRD,gene:vir:95350,virus,0,1,0,1
ACRD,gene:vir:95351,virus,0,1,0,1
ACRD,gene:vir:95352,virus,0,1,0,1
ACRD,gene:vir:95353,virus,0,1,0,1
ACRD,gene:vir:95355,virus,0,1,0,1
ACRD,gene:vir:95356,virus,0,1,0,1
ACRD,gene:vir:95357,virus,0,1,0,1
ACRD,gene:vir:95359,virus,0,1,0,1
ACRS,gene:plasmid:123257,plasmid,0,0,1,2
ACRS,gene:plasmid:123257,plasmid,0,1,0,2
ACRS,gene:plasmid:123257,plasmid,1,0,3,1
ACRS,gene:plasmid:93474,plasmid,0,0,3,1
ACRS,gene:plasmid:93482,plasmid,0,0,3,1
ACRS,gene:proph:163818,prophage,0,0,1,4
ACRS,gene:proph:163818,prophage,0,0,3,2
ACRS,gene:proph:163818,prophage,0,1,0,4
ACRS,gene:proph:163818,prophage,1,0,3,1
AMPH,gene:plasmid:123175,plasmid,0,0,1,1
AMPH,gene:plasmid:148055,plasmid,0,0,3,1
AMPH,gene:plasmid:21909,plasmid,0,1,0,1
AMPH,gene:plasmid:87451,likely IS/TE,0,1,0,1
AMPH,gene:plasmid:87452,plasmid,0,1,0,1
AMPH,gene:plasmid:88435,plasmid,0,0,1,1
AMPH,gene:plasmid:88435,plasmid,0,1,0,1
AMPH,gene:plasmid:88436,plasmid,0,1,0,2
AMPH,gene:plasmid:88436,plasmid,0,1,1,1
AMPH,gene:plasmid:88437,plasmid,0,0,1,1
AMPH,gene:plasmid:88437,plasmid,0,1,0,3
AMPH,gene:plasmid:88437,plasmid,0,1,1,1
AMPH,gene:proph:170892,prophage,0,0,3,1
AMPH,gene:proph:173723,prophage,0,1,0,1
ANT3-DPRIME,IncI1_1_Alpha_AP005147,Inc_plasmid,0,0,1,1
ANT3-DPRIME,IncI1_1_Alpha_AP005147,Inc_plasmid,0,1,0,1
ANT3-DPRIME,gene:plasmid:117709,plasmid,0,0,3,1
ANT3-DPRIME,gene:plasmid:117709,plasmid,0,1,0,1
ANT3-DPRIME,gene:plasmid:117711,plasmid,0,0,3,1
ANT3-DPRIME,gene:plasmid:117712,plasmid,0,0,3,1
ANT3-DPRIME,gene:plasmid:117713,plasmid,0,0,3,1
ANT3-DPRIME,gene:plasmid:117713,plasmid,0,1,0,1
ANT3-DPRIME,gene:plasmid:117714,plasmid,0,0,3,1
ANT3-DPRIME,gene:plasmid:117715,plasmid,0,0,3,1
ANT3-DPRIME,gene:plasmid:117716,plasmid,0,0,3,1
ANT3-DPRIME,gene:plasmid:117717,plasmid,0,0,3,1
ANT3-DPRIME,gene:plasmid:117736,plasmid,0,1,0,1
ANT3-DPRIME,gene:plasmid:117738,plasmid,0,0,3,1
ANT3-DPRIME,gene:plasmid:117738,plasmid,0,1,0,1
ANT3-DPRIME,gene:plasmid:117740,plasmid,0,0,3,1
ANT3-DPRIME,gene:plasmid:117742,plasmid,0,0,3,1
ANT3-DPRIME,gene:plasmid:117742,plasmid,0,1,0,1
ANT3-DPRIME,gene:plasmid:117819,plasmid,0,1,0,1
ANT3-DPRIME,gene:plasmid:117821,plasmid,0,0,3,1
ANT3-DPRIME,gene:plasmid:117821,plasmid,0,1,0,1
ANT3-DPRIME,gene:plasmid:117823,plasmid,0,0,3,1
ANT3-DPRIME,gene:plasmid:117823,plasmid,0,1,0,1
ANT3-DPRIME,gene:plasmid:119667,plasmid,0,0,1,1
ANT3-DPRIME,gene:plasmid:121415,plasmid,0,0,3,1
ANT3-DPRIME,gene:plasmid:121415,plasmid,0,1,0,1
ANT3-DPRIME,gene:plasmid:121416,plasmid,0,0,3,1
ANT3-DPRIME,gene:plasmid:121416,plasmid,0,1,0,1
ANT3-DPRIME,gene:plasmid:121434,plasmid,0,0,3,1
ANT3-DPRIME,gene:plasmid:121436,plasmid,0,0,1,1
ANT3-DPRIME,gene:plasmid:121436,plasmid,0,1,0,1
ANT3-DPRIME,gene:plasmid:121505,plasmid,0,0,3,1
ANT3-DPRIME,gene:plasmid:121507,likely IS/TE,0,0,3,1
ANT3-DPRIME,gene:plasmid:121507,likely IS/TE,0,1,0,1
ANT3-DPRIME,gene:plasmid:121510,plasmid,0,0,3,1
ANT3-DPRIME,gene:plasmid:121510,plasmid,0,1,0,1
ANT3-DPRIME,gene:plasmid:121584,plasmid,0,0,3,1
ANT3-DPRIME,gene:plasmid:121584,plasmid,0,1,0,1
ANT3-DPRIME,gene:plasmid:123182,plasmid,0,0,1,1
ANT3-DPRIME,gene:plasmid:123367,likely IS/TE,0,0,1,1
ANT3-DPRIME,gene:plasmid:123367,likely IS/TE,0,1,0,1
ANT3-DPRIME,gene:plasmid:151217,plasmid,0,1,0,1
ANT3-DPRIME,gene:plasmid:151237,plasmid,0,1,0,1
ANT3-DPRIME,gene:plasmid:151239,plasmid,0,0,1,1
ANT3-DPRIME,gene:plasmid:151239,plasmid,0,1,0,1
ANT3-DPRIME,gene:plasmid:151240,plasmid,0,1,0,1
ANT3-DPRIME,gene:plasmid:151241,plasmid,0,1,0,1
ANT3-DPRIME,gene:plasmid:151243,plasmid,0,0,1,1
ANT3-DPRIME,gene:plasmid:151243,plasmid,0,1,0,1
ANT3-DPRIME,gene:plasmid:151245,plasmid,0,1,0,1
ANT3-DPRIME,gene:plasmid:151254,plasmid,0,0,1,1
ANT3-DPRIME,gene:plasmid:151273,plasmid,0,0,1,1
ANT3-DPRIME,gene:plasmid:151273,plasmid,0,1,0,1
ANT3-DPRIME,gene:plasmid:151274,plasmid,0,0,1,1
ANT3-DPRIME,gene:plasmid:151274,plasmid,0,1,0,1
ANT3-DPRIME,gene:plasmid:151275,plasmid,0,0,1,1
ANT3-DPRIME,gene:plasmid:151275,plasmid,0,1,0,1
ANT3-DPRIME,gene:plasmid:151286,plasmid,0,0,1,1
ANT3-DPRIME,gene:plasmid:151291,plasmid,0,0,1,1
ANT3-DPRIME,gene:plasmid:151291,plasmid,0,1,0,1
ANT3-DPRIME,gene:plasmid:151429,plasmid,0,0,1,1
ANT3-DPRIME,gene:plasmid:151429,plasmid,0,1,0,1
ANT3-DPRIME,gene:plasmid:152440,likely IS/TE,0,0,3,1
ANT3-DPRIME,gene:plasmid:152440,likely IS/TE,0,1,0,1
ANT3-DPRIME,gene:plasmid:15989,plasmid,0,0,1,1
ANT3-DPRIME,gene:plasmid:16015,likely IS/TE,0,1,0,1
ANT3-DPRIME,gene:plasmid:19399,plasmid,0,0,1,1
ANT3-DPRIME,gene:plasmid:19401,plasmid,0,0,1,1
ANT3-DPRIME,gene:plasmid:19402,plasmid,0,0,1,1
ANT3-DPRIME,gene:plasmid:19403,plasmid,0,0,1,1
ANT3-DPRIME,gene:plasmid:19403,plasmid,0,1,0,1
ANT3-DPRIME,gene:plasmid:19404,plasmid,0,0,1,1
ANT3-DPRIME,gene:plasmid:19404,plasmid,0,1,0,1
ANT3-DPRIME,gene:plasmid:19405,plasmid,0,0,1,1
ANT3-DPRIME,gene:plasmid:19405,plasmid,0,1,0,1
ANT3-DPRIME,gene:plasmid:19406,plasmid,0,0,3,1
ANT3-DPRIME,gene:plasmid:19407,plasmid,0,0,3,1
ANT3-DPRIME,gene:plasmid:19407,plasmid,0,1,0,1
ANT3-DPRIME,gene:plasmid:19408,plasmid,0,0,3,1
ANT3-DPRIME,gene:plasmid:19408,plasmid,0,1,0,1
ANT3-DPRIME,gene:plasmid:19409,plasmid,0,0,3,1
ANT3-DPRIME,gene:plasmid:19409,plasmid,0,1,0,1
ANT3-DPRIME,gene:plasmid:19413,plasmid,0,0,3,1
ANT3-DPRIME,gene:plasmid:19413,plasmid,0,1,0,1
ANT3-DPRIME,gene:plasmid:19447,plasmid,0,0,3,1
ANT3-DPRIME,gene:plasmid:19447,plasmid,0,1,0,1
ANT3-DPRIME,gene:plasmid:19451,plasmid,0,0,3,1
ANT3-DPRIME,gene:plasmid:19453,plasmid,0,0,3,1
ANT3-DPRIME,gene:plasmid:19454,plasmid,0,0,3,1
ANT3-DPRIME,gene:plasmid:19455,plasmid,0,0,3,1
ANT3-DPRIME,gene:plasmid:19456,plasmid,0,0,3,1
ANT3-DPRIME,gene:plasmid:19464,plasmid,0,1,0,1
ANT3-DPRIME,gene:plasmid:19467,plasmid,0,0,3,1
ANT3-DPRIME,gene:plasmid:19467,plasmid,0,1,0,1
ANT3-DPRIME,gene:plasmid:19468,plasmid,0,0,3,1
ANT3-DPRIME,gene:plasmid:19489,plasmid,0,0,1,1
ANT3-DPRIME,gene:plasmid:19493,plasmid,0,0,1,1
ANT3-DPRIME,gene:plasmid:19493,plasmid,0,1,0,1
ANT3-DPRIME,gene:plasmid:19497,plasmid,0,0,1,1
ANT3-DPRIME,gene:plasmid:19497,plasmid,0,1,0,1
ANT3-DPRIME,gene:plasmid:19506,plasmid,0,0,1,1
ANT3-DPRIME,gene:plasmid:19506,plasmid,0,1,0,1
ANT3-DPRIME,gene:plasmid:24743,plasmid,0,0,3,1
ANT3-DPRIME,gene:plasmid:24743,plasmid,0,1,0,1
ANT3-DPRIME,gene:plasmid:24751,plasmid,0,0,3,1
ANT3-DPRIME,gene:plasmid:24751,plasmid,0,1,0,1
ANT3-DPRIME,gene:plasmid:24760,plasmid,0,0,3,1
ANT3-DPRIME,gene:plasmid:24763,plasmid,0,0,3,1
ANT3-DPRIME,gene:plasmid:24763,plasmid,0,1,0,1
ANT3-DPRIME,gene:plasmid:24764,plasmid,0,0,3,1
ANT3-DPRIME,gene:plasmid:24765,plasmid,0,1,0,1
ANT3-DPRIME,gene:plasmid:24766,plasmid,0,1,0,1
ANT3-DPRIME,gene:plasmid:24768,plasmid,0,1,0,1
ANT3-DPRIME,gene:plasmid:24769,plasmid,0,0,3,1
ANT3-DPRIME,gene:plasmid:24769,plasmid,0,1,0,1
ANT3-DPRIME,gene:plasmid:24770,plasmid,0,0,3,1
ANT3-DPRIME,gene:plasmid:24770,plasmid,0,1,0,1
ANT3-DPRIME,gene:plasmid:24771,plasmid,0,1,0,1
ANT3-DPRIME,gene:plasmid:24773,plasmid,0,1,0,1
ANT3-DPRIME,gene:plasmid:24775,plasmid,0,1,0,1
ANT3-DPRIME,gene:plasmid:24776,plasmid,0,1,0,1
ANT3-DPRIME,gene:plasmid:24777,plasmid,0,1,0,1
ANT3-DPRIME,gene:plasmid:24778,plasmid,0,1,0,1
ANT3-DPRIME,gene:plasmid:24779,plasmid,0,1,0,1
ANT3-DPRIME,gene:plasmid:24780,plasmid,0,1,0,1
ANT3-DPRIME,gene:plasmid:24781,plasmid,0,1,0,1
ANT3-DPRIME,gene:plasmid:24791,plasmid,0,1,0,1
ANT3-DPRIME,gene:plasmid:24793,plasmid,0,0,1,1
ANT3-DPRIME,gene:plasmid:24793,plasmid,0,1,0,1
ANT3-DPRIME,gene:plasmid:24796,plasmid,0,0,1,1
ANT3-DPRIME,gene:plasmid:24797,plasmid,0,0,1,1
ANT3-DPRIME,gene:plasmid:24800,plasmid,0,0,1,1
ANT3-DPRIME,gene:plasmid:24804,plasmid,0,0,1,1
ANT3-DPRIME,gene:plasmid:24804,plasmid,0,1,0,1
ANT3-DPRIME,gene:plasmid:24805,plasmid,0,0,1,1
ANT3-DPRIME,gene:plasmid:24806,plasmid,0,0,1,1
ANT3-DPRIME,gene:plasmid:24806,plasmid,0,1,0,1
ANT3-DPRIME,gene:plasmid:24807,plasmid,0,0,1,1
ANT3-DPRIME,gene:plasmid:24807,plasmid,0,1,0,1
ANT3-DPRIME,gene:plasmid:84548,plasmid,0,0,1,1
ANT6,ICEberg|3|CTnDOT|GenBank|AJ...,ICE,0,0,3,1
ANT6,gene:plasmid:135617,plasmid,1,0,3,1
ANT6,gene:plasmid:156386,plasmid,0,0,1,1
ANT6,gene:plasmid:15664,plasmid,0,0,1,2
ANT6,gene:plasmid:15664,plasmid,0,1,0,2
ANT6,gene:plasmid:15664,plasmid,1,0,3,1
ANT6,gene:plasmid:15665,likely IS/TE,0,0,1,1
ANT6,gene:plasmid:15665,likely IS/TE,0,1,0,1
APH3-DPRIME,gene:plasmid:117488,plasmid,0,1,0,1
APH3-DPRIME,gene:plasmid:130001,plasmid,0,0,1,1
APH3-DPRIME,gene:plasmid:130008,plasmid,0,0,1,1
APH3-DPRIME,gene:plasmid:130009,plasmid,0,0,1,1
APH3-DPRIME,gene:plasmid:135994,plasmid,0,1,0,1
APH3-DPRIME,gene:plasmid:136001,plasmid,0,1,0,1
APH3-DPRIME,gene:plasmid:142025,likely IS/TE,0,1,0,1
APH3-DPRIME,gene:plasmid:15301,likely IS/TE,0,1,0,2
APH3-DPRIME,gene:plasmid:15302,likely IS/TE,0,1,0,2
APH3-DPRIME,gene:plasmid:15303,likely IS/TE,0,1,0,1
APH3-DPRIME,gene:plasmid:15306,likely IS/TE,0,1,0,1
APH3-DPRIME,gene:plasmid:154429,likely IS/TE,0,1,0,1
APH3-DPRIME,gene:plasmid:156805,plasmid,0,1,0,1
APH3-DPRIME,gene:plasmid:157713,plasmid,0,1,0,1
APH3-DPRIME,gene:plasmid:15970,plasmid,0,1,0,1
APH3-DPRIME,gene:plasmid:19728,plasmid,0,1,0,1
APH3-DPRIME,gene:plasmid:25331,plasmid,0,1,0,1
APH3-DPRIME,gene:plasmid:25332,plasmid,0,1,0,1
APH3-DPRIME,gene:plasmid:25333,plasmid,0,1,0,1
APH3-DPRIME,gene:plasmid:30130,plasmid,0,0,1,1
APH3-DPRIME,gene:plasmid:87059,likely IS/TE,0,1,0,1
APH3-DPRIME,gene:plasmid:87066,likely IS/TE,0,1,0,1
APH3-DPRIME,gene:plasmid:90631,likely IS/TE,0,1,0,1
APH3-DPRIME,gene:plasmid:90633,likely IS/TE,0,1,0,2
APH3-DPRIME,gene:plasmid:91748,plasmid,0,1,0,1
APH3-DPRIME,gene:plasmid:91749,plasmid,0,1,0,1
APH3-DPRIME,gene:plasmid:91750,plasmid,0,1,0,1
APH3-DPRIME,gene:plasmid:91771,plasmid,0,1,0,1
APH3-DPRIME,gene:plasmid:91772,plasmid,0,1,0,1
APH3-DPRIME,gene:plasmid:91773,plasmid,0,1,0,1
APH3-DPRIME,gene:plasmid:91774,plasmid,0,1,0,1
APH3-DPRIME,gene:plasmid:91775,plasmid,0,1,0,1
APH3-DPRIME,gene:plasmid:91776,plasmid,0,1,0,1
APH6,gene:plasmid:16015,likely IS/TE,0,1,0,1
ARIR,gene:plasmid:117813,likely IS/TE,0,0,1,1
ARIR,gene:plasmid:142103,likely IS/TE,0,0,3,1
ARIR,gene:plasmid:15993,likely IS/TE,0,0,1,1
ARIR,gene:plasmid:15994,likely IS/TE,0,0,1,1
ARIR,gene:plasmid:25369,likely IS/TE,0,0,1,1
ARIR,gene:proph:172517,prophage,0,0,1,1
ARIR,gene:proph:172517,prophage,0,1,0,2
ARIR,gene:proph:172518,prophage,0,0,1,1
ARIR,gene:proph:172518,prophage,0,1,0,2
ARIR,gene:proph:172519,prophage,0,0,1,1
ARIR,gene:proph:172519,prophage,0,1,0,2
ARIR,gene:proph:172520,prophage,0,0,1,1
ARIR,gene:proph:172520,prophage,0,1,0,2
ARIR,gene:proph:172521,prophage,0,0,1,1
ARIR,gene:proph:172521,prophage,0,1,0,2
ARIR,gene:proph:172522,prophage,0,0,1,1
ARIR,gene:proph:172522,prophage,0,1,0,1
ARIR,gene:proph:172523,prophage,0,0,1,1
ARIR,gene:proph:172523,prophage,0,1,0,2
ARIR,gene:proph:172524,prophage,0,0,1,1
ARIR,gene:proph:172524,prophage,0,1,0,2
ARIR,gene:proph:176798,prophage,0,1,0,1
ARIR,gene:proph:176813,prophage,0,0,3,1
ARIR,gene:proph:176814,prophage,0,0,3,1
ARIR,gene:proph:179433,prophage,0,0,1,1
ARIR,gene:proph:179433,prophage,0,0,3,1
ARIR,gene:proph:179433,prophage,0,1,0,1
ARIR,gene:proph:179434,prophage,0,0,1,1
ARIR,gene:proph:179435,prophage,0,0,1,1
ARIR,gene:proph:181125,prophage,0,0,1,1
ARIR,gene:vir:105410,virus,0,1,0,1
ARIR,gene:vir:79556,virus,0,0,3,1
ARIR,gene:vir:79588,virus,0,0,1,1
ARNT,gene:plasmid:85992,plasmid,0,1,0,1
ARNT,gene:plasmid:86276,plasmid,0,0,3,1
ARNT,gene:plasmid:86276,plasmid,0,1,0,2
ARSA,gene:plasmid:16011,plasmid,0,1,0,1
ARSA,gene:plasmid:88467,plasmid,0,1,0,3
ARSA,gene:plasmid:88468,plasmid,0,0,1,1
ARSA,gene:plasmid:88468,plasmid,0,1,0,5
ARSB,gene:plasmid:88361,plasmid,0,0,1,1
ARSB,gene:plasmid:88437,plasmid,0,1,0,1
ARSB,gene:plasmid:91925,plasmid,0,1,3,1
ARSB,gene:plasmid:91947,plasmid,0,1,0,1
ARSB,gene:plasmid:91985,plasmid,0,1,0,1
ARSB,gene:proph:161537,prophage,0,1,0,1
ARSB,gene:proph:169464,prophage,0,1,0,1
ARSB,gene:proph:169511,prophage,0,1,0,1
ARSB,gene:proph:172517,prophage,0,1,0,1
ARSBM,gene:plasmid:118383,plasmid,0,1,0,6
ARSBM,gene:plasmid:138733,plasmid,0,1,0,1
ARSBM,gene:proph:184639,prophage,0,1,0,1
ARSCM,gene:plasmid:156104,likely IS/TE,0,1,0,1
ARSCM,gene:plasmid:16011,plasmid,0,1,0,1
ARSCM,gene:plasmid:16991,likely IS/TE,0,1,0,1
ARSCM,gene:plasmid:24696,plasmid,0,1,0,1
ARSCM,gene:plasmid:24697,plasmid,0,1,0,1
ARSCM,gene:plasmid:24698,plasmid,0,1,0,2
ARSCM,gene:plasmid:24699,plasmid,0,1,0,1
ARSCM,gene:plasmid:77695,plasmid,0,1,0,1
ARSCM,gene:plasmid:88431,plasmid,0,1,0,1
ARSCM,gene:plasmid:88432,plasmid,0,1,0,1
ARSCM,gene:plasmid:88433,plasmid,0,1,0,1
ARSCM,gene:plasmid:88472,plasmid,0,0,3,1
ARSDM,gene:plasmid:123175,plasmid,0,1,0,1
ARSDM,gene:plasmid:88467,plasmid,0,1,0,1
ARSRM,gene:plasmid:117692,plasmid,0,1,0,1
ARSRM,gene:plasmid:117744,likely IS/TE,0,1,0,1
ARSRM,gene:plasmid:117746,likely IS/TE,0,1,0,1
ARSRM,gene:plasmid:127984,likely IS/TE,0,1,0,1
ARSRM,gene:plasmid:128681,plasmid,0,1,0,1
ARSRM,gene:plasmid:128691,plasmid,0,1,0,1
ARSRM,gene:plasmid:128696,plasmid,0,1,0,1
ARSRM,gene:plasmid:128697,plasmid,0,1,0,1
ARSRM,gene:plasmid:128700,plasmid,0,1,0,1
ARSRM,gene:plasmid:128701,plasmid,0,1,0,1
ARSRM,gene:plasmid:128702,plasmid,0,1,0,1
ARSRM,gene:plasmid:142025,likely IS/TE,0,1,0,3
ARSRM,gene:plasmid:142078,likely IS/TE,0,1,0,1
ARSRM,gene:plasmid:14227,plasmid,0,1,0,1
ARSRM,gene:plasmid:14228,plasmid,0,1,0,1
ARSRM,gene:plasmid:14232,plasmid,0,1,0,1
ARSRM,gene:plasmid:14238,plasmid,0,1,0,1
ARSRM,gene:plasmid:14240,plasmid,0,1,0,1
ARSRM,gene:plasmid:14241,plasmid,0,1,0,1
ARSRM,gene:plasmid:14242,plasmid,0,1,0,1
ARSRM,gene:plasmid:14243,plasmid,0,1,0,1
ARSRM,gene:plasmid:14246,plasmid,0,1,0,1
ARSRM,gene:plasmid:14247,plasmid,0,1,0,1
ARSRM,gene:plasmid:14250,plasmid,0,1,0,1
ARSRM,gene:plasmid:14252,plasmid,0,1,0,1
ARSRM,gene:plasmid:14254,plasmid,0,1,0,1
ARSRM,gene:plasmid:14257,plasmid,0,1,0,1
ARSRM,gene:plasmid:14258,plasmid,0,1,0,1
ARSRM,gene:plasmid:14259,plasmid,0,1,0,1
ARSRM,gene:plasmid:148150,likely IS/TE,0,1,0,1
ARSRM,gene:plasmid:149101,likely IS/TE,0,1,0,1
ARSRM,gene:plasmid:151658,plasmid,0,1,0,1
ARSRM,gene:plasmid:155943,plasmid,0,1,0,1
ARSRM,gene:plasmid:155943,plasmid,1,0,3,2
ARSRM,gene:plasmid:155952,plasmid,0,1,0,1
ARSRM,gene:plasmid:155964,plasmid,0,1,0,3
ARSRM,gene:plasmid:155972,plasmid,0,1,0,1
ARSRM,gene:plasmid:156035,plasmid,0,0,1,1
ARSRM,gene:plasmid:156035,plasmid,0,1,0,2
ARSRM,gene:plasmid:156084,plasmid,0,1,0,2
ARSRM,gene:plasmid:156088,plasmid,0,1,0,1
ARSRM,gene:plasmid:156110,plasmid,0,1,0,2
ARSRM,gene:plasmid:156119,plasmid,0,1,0,1
ARSRM,gene:plasmid:156128,plasmid,0,1,0,1
ARSRM,gene:plasmid:156134,plasmid,0,1,0,1
ARSRM,gene:plasmid:156145,plasmid,0,1,0,1
ARSRM,gene:plasmid:156176,plasmid,0,1,0,2
ARSRM,gene:plasmid:15811,likely IS/TE,0,1,0,1
ARSRM,gene:plasmid:16003,likely IS/TE,0,1,0,1
ARSRM,gene:plasmid:16011,plasmid,0,0,3,1
ARSRM,gene:plasmid:16011,plasmid,0,1,0,1
ARSRM,gene:plasmid:16991,likely IS/TE,0,1,0,1
ARSRM,gene:plasmid:24698,plasmid,0,0,3,1
ARSRM,gene:plasmid:24698,plasmid,0,1,0,1
ARSRM,gene:plasmid:24699,plasmid,0,0,3,1
ARSRM,gene:plasmid:24699,plasmid,0,1,0,1
ARSRM,gene:plasmid:24852,plasmid,0,1,0,1
ARSRM,gene:plasmid:30991,plasmid,0,1,0,1
ARSRM,gene:plasmid:77695,plasmid,0,0,1,1
ARSRM,gene:plasmid:88298,plasmid,0,0,1,1
ARSRM,gene:plasmid:88298,plasmid,0,1,0,2
ARSRM,gene:plasmid:88299,plasmid,0,0,1,1
ARSRM,gene:plasmid:88299,plasmid,0,1,0,2
ARSRM,gene:plasmid:88300,likely IS/TE,0,0,1,1
ARSRM,gene:plasmid:88300,likely IS/TE,0,1,0,1
ARSRM,gene:plasmid:88301,likely IS/TE,0,1,0,1
ARSRM,gene:plasmid:88325,likely IS/TE,0,1,0,1
ARSRM,gene:plasmid:88328,plasmid,0,1,0,3
ARSRM,gene:plasmid:88329,plasmid,0,1,0,3
ARSRM,gene:plasmid:88330,plasmid,0,1,0,2
ARSRM,gene:plasmid:88331,plasmid,0,1,0,3
ARSRM,gene:plasmid:88332,likely IS/TE,0,1,0,1
ARSRM,gene:plasmid:88333,likely IS/TE,0,1,0,1
ARSRM,gene:plasmid:88334,plasmid,0,1,0,3
ARSRM,gene:plasmid:88336,plasmid,0,1,0,1
ARSRM,gene:plasmid:88337,plasmid,0,1,0,1
ARSRM,gene:plasmid:88338,plasmid,0,1,0,1
ARSRM,gene:plasmid:88443,likely IS/TE,0,1,0,1
ARSRM,gene:plasmid:88445,likely IS/TE,0,1,0,1
ARSRM,gene:plasmid:88446,plasmid,0,1,0,1
ARSRM,gene:plasmid:88447,plasmid,0,1,0,1
ARSRM,gene:plasmid:88448,plasmid,0,1,0,1
ARSRM,gene:plasmid:88449,plasmid,0,1,0,1
ARSRM,gene:plasmid:88450,plasmid,0,1,0,1
ARSRM,gene:plasmid:88451,plasmid,0,1,0,1
ARSRM,gene:plasmid:88452,plasmid,0,1,0,1
ARSRM,gene:plasmid:88455,likely IS/TE,0,1,0,1
ARSRM,gene:plasmid:88456,likely IS/TE,0,1,0,1
ARSRM,gene:plasmid:88457,likely IS/TE,0,1,0,1
ARSRM,gene:plasmid:88458,plasmid,0,1,0,3
ARSRM,gene:plasmid:88459,plasmid,0,0,1,1
ARSRM,gene:plasmid:88459,plasmid,0,1,0,3
ARSRM,gene:plasmid:88460,plasmid,0,1,0,2
ARSRM,gene:plasmid:88461,plasmid,0,0,1,1
ARSRM,gene:plasmid:88461,plasmid,0,1,0,2
ARSRM,gene:plasmid:88462,plasmid,0,0,1,1
ARSRM,gene:plasmid:88462,plasmid,0,1,0,3
ARSRM,gene:plasmid:88463,plasmid,0,0,1,1
ARSRM,gene:plasmid:88463,plasmid,0,1,0,3
ARSRM,gene:plasmid:88464,plasmid,0,0,1,1
ARSRM,gene:plasmid:88464,plasmid,0,1,0,4
ARSRM,gene:plasmid:88465,plasmid,0,0,1,1
ARSRM,gene:plasmid:88465,plasmid,0,1,0,2
ARSRM,gene:plasmid:88466,plasmid,0,0,1,1
ARSRM,gene:plasmid:88466,plasmid,0,1,0,1
ARSRM,gene:plasmid:88468,plasmid,0,0,1,1
ARSRM,gene:plasmid:88468,plasmid,0,0,3,1
ARSRM,gene:plasmid:88468,plasmid,0,1,0,11
ARSRM,gene:plasmid:88472,plasmid,0,1,0,4
ARSRM,gene:plasmid:88473,plasmid,0,0,1,1
ARSRM,gene:plasmid:88473,plasmid,0,1,0,3
ARSRM,gene:plasmid:88474,plasmid,0,0,1,1
ARSRM,gene:plasmid:88474,plasmid,0,1,0,2
ARSRM,gene:plasmid:88475,plasmid,0,0,1,1
ARSRM,gene:plasmid:88475,plasmid,0,1,0,1
ARSRM,gene:plasmid:88476,plasmid,0,0,1,1
ARSRM,gene:plasmid:88476,plasmid,0,1,0,1
ARSRM,gene:plasmid:88624,likely IS/TE,0,1,0,1
ARSRM,gene:plasmid:91950,plasmid,0,1,0,1
ARSRM,gene:plasmid:91974,plasmid,0,1,0,1
ARSRM,gene:plasmid:91989,plasmid,0,1,0,1
ARSRM,gene:plasmid:92011,plasmid,0,1,0,1
ARSRM,gene:proph:163834,likely IS/TE,0,1,0,1
ARSRM,gene:proph:169103,likely IS/TE,0,1,0,1
ARSRM,gene:proph:173723,prophage,0,0,1,1
ARSRM,gene:proph:184917,prophage,0,0,1,1
ARSRM,gene:proph:184921,prophage,0,0,1,1
ARSRM,gene:vir:101322,virus,0,0,3,1
ARSRM,gene:vir:101355,virus,0,0,3,1
ARSRM,gene:vir:101356,virus,0,0,3,1
ARSRM,gene:vir:101391,virus,0,0,3,1
ARSRM,gene:vir:101417,virus,0,0,3,1
ASMA,gene:plasmid:120395,plasmid,0,0,1,1
ASMA,gene:plasmid:149414,plasmid,0,1,0,1
ASMA,gene:plasmid:149415,plasmid,0,1,0,1
ASMA,gene:plasmid:157415,plasmid,0,1,0,1
ASMA,gene:plasmid:21818,plasmid,0,1,0,1
ASMA,gene:plasmid:21988,plasmid,0,0,1,1
ASMA,gene:plasmid:21989,plasmid,0,0,1,1
ASMA,gene:plasmid:93468,plasmid,0,0,1,1
ASMA,gene:plasmid:93469,plasmid,0,0,1,1
ASMA,gene:plasmid:93474,plasmid,0,0,1,1
ASMA,gene:plasmid:93482,plasmid,0,0,1,1
ASMA,gene:plasmid:93509,plasmid,0,0,1,1
ASMA,gene:plasmid:93510,plasmid,0,0,1,1
ASMA,gene:proph:176764,prophage,0,0,3,1
ASMA,gene:proph:176915,prophage,0,1,0,1
ASMA,gene:proph:176925,prophage,0,1,0,1
ASMA,gene:proph:177640,prophage,0,0,3,1
ASMA,gene:proph:181201,prophage,0,0,3,1
ASMA,gene:proph:181287,prophage,0,0,3,1
ASMA,gene:proph:183006,prophage,0,0,3,1
ASMA,gene:proph:183010,prophage,0,0,3,1
ASMA,gene:proph:183025,prophage,0,0,3,1
ASMA,gene:proph:183581,prophage,0,1,0,1
ASMA,gene:proph:183615,prophage,0,0,3,1
ASMA,gene:proph:183616,prophage,0,0,3,1
ASMA,gene:proph:183617,prophage,0,0,3,1
ASMA,gene:proph:183625,prophage,0,0,3,1
ASMA,gene:vir:105395,virus,0,0,3,1
ASMA,gene:vir:105401,virus,0,0,3,1
ASMA,gene:vir:105404,virus,0,0,3,1
ASMA,gene:vir:105416,virus,0,0,3,1
ASMA,gene:vir:105726,virus,0,0,3,1
ASMA,gene:vir:105727,virus,0,0,3,1
ASMA,gene:vir:105728,virus,0,0,3,1
ASMA,gene:vir:1321,virus,0,1,0,1
ASMA,gene:vir:147,virus,0,0,3,1
ASMA,gene:vir:148,virus,0,0,3,1
ASMA,gene:vir:149,virus,0,0,3,1
ASMA,gene:vir:150,virus,0,0,3,1
ASMA,gene:vir:151,virus,0,0,3,1
ASMA,gene:vir:2040,virus,0,1,0,1
ASMA,gene:vir:3477,virus,0,0,3,1
ASMA,gene:vir:5718,virus,0,1,0,1
ASR,gene:plasmid:125744,plasmid,0,0,1,1
ASR,gene:proph:159027,prophage,0,1,0,1
ASR,gene:proph:159058,prophage,1,0,3,1
ASR,gene:proph:159060,prophage,0,1,0,1
ASR,gene:proph:159064,prophage,0,0,1,1
ASR,gene:proph:159065,prophage,0,0,1,1
ASR,gene:proph:159065,prophage,0,1,0,1
ASR,gene:proph:159066,prophage,0,0,1,1
ASR,gene:proph:159066,prophage,0,0,3,1
ASR,gene:proph:159066,prophage,0,1,0,1
ASR,gene:proph:159067,prophage,0,1,0,1
ASR,gene:proph:159069,prophage,0,1,0,1
ASR,gene:proph:159070,prophage,0,0,1,1
ASR,gene:proph:159070,prophage,0,0,3,1
ASR,gene:proph:159070,prophage,0,1,0,1
ASR,gene:proph:159071,prophage,0,0,1,1
ASR,gene:proph:159071,prophage,0,1,0,1
ASR,gene:proph:159074,prophage,0,0,1,1
ASR,gene:proph:159074,prophage,0,0,3,1
ASR,gene:proph:159074,prophage,0,1,0,1
ASR,gene:proph:159076,prophage,1,0,3,1
ASR,gene:proph:163818,prophage,0,0,1,1
ASR,gene:proph:163918,prophage,0,0,1,2
ASR,gene:proph:163918,prophage,0,0,3,2
ASR,gene:proph:163918,prophage,0,1,0,1
ASR,gene:proph:163918,prophage,1,0,3,1
ASR,gene:proph:163921,prophage,0,0,1,2
ASR,gene:proph:163921,prophage,0,0,3,2
ASR,gene:proph:163921,prophage,0,1,3,1
ASR,gene:proph:163921,prophage,1,0,3,1
ASR,gene:proph:163926,prophage,0,0,1,1
ASR,gene:proph:163926,prophage,0,1,0,1
ASR,gene:proph:163927,prophage,0,0,1,2
ASR,gene:proph:163927,prophage,0,0,3,2
ASR,gene:proph:163927,prophage,0,1,3,1
ASR,gene:proph:163927,prophage,1,0,3,1
ASR,gene:proph:163928,prophage,0,1,0,1
ASR,gene:proph:163929,prophage,0,0,1,1
ASR,gene:proph:163929,prophage,0,0,3,1
ASR,gene:proph:163929,prophage,0,1,0,1
ASR,gene:proph:163930,prophage,0,0,1,1
ASR,gene:proph:163930,prophage,0,0,3,1
ASR,gene:proph:163930,prophage,0,1,0,1
ASR,gene:proph:163931,prophage,0,0,1,1
ASR,gene:proph:163931,prophage,0,0,3,1
ASR,gene:proph:163931,prophage,0,1,0,1
ASR,gene:proph:163934,prophage,0,0,1,2
ASR,gene:proph:163934,prophage,0,0,3,2
ASR,gene:proph:163934,prophage,0,1,0,1
ASR,gene:proph:163934,prophage,1,0,3,1
ASR,gene:proph:163935,prophage,0,0,1,2
ASR,gene:proph:163935,prophage,0,0,3,2
ASR,gene:proph:163935,prophage,0,1,0,1
ASR,gene:proph:163935,prophage,1,0,3,1
ASR,gene:proph:163937,prophage,0,0,1,2
ASR,gene:proph:163937,prophage,0,0,3,1
ASR,gene:proph:163937,prophage,0,1,0,1
ASR,gene:proph:163938,prophage,0,0,1,1
ASR,gene:proph:163938,prophage,0,0,3,1
ASR,gene:proph:163938,prophage,0,1,0,1
ASR,gene:proph:163939,prophage,0,0,1,1
ASR,gene:proph:163939,prophage,0,1,0,1
ASR,gene:proph:163941,prophage,0,1,0,1
ASR,gene:proph:163942,prophage,0,0,1,2
ASR,gene:proph:163942,prophage,0,0,3,2
ASR,gene:proph:163942,prophage,0,1,3,1
ASR,gene:proph:163942,prophage,1,0,3,1
ASR,gene:proph:163944,prophage,0,0,1,2
ASR,gene:proph:163944,prophage,0,0,3,1
ASR,gene:proph:163944,prophage,0,1,0,1
ASR,gene:proph:163947,prophage,0,0,1,2
ASR,gene:proph:163947,prophage,0,0,3,2
ASR,gene:proph:163947,prophage,0,1,0,1
ASR,gene:proph:163947,prophage,1,0,3,1
ASR,gene:proph:163948,prophage,0,0,1,1
ASR,gene:proph:169106,prophage,0,0,3,1
ASR,gene:proph:169106,prophage,0,1,0,1
ASR,gene:proph:169106,prophage,1,0,3,1
ASR,gene:proph:169107,prophage,1,0,3,1
ASR,gene:proph:169108,prophage,1,0,3,1
ASR,gene:proph:169464,prophage,0,0,1,1
ASR,gene:proph:169512,prophage,0,0,1,1
ASR,gene:proph:172443,prophage,0,1,0,1
ASR,gene:proph:172517,prophage,0,0,1,1
ASR,gene:proph:172550,prophage,0,0,3,1
ASR,gene:proph:172550,prophage,0,1,0,1
ASR,gene:proph:172551,prophage,1,0,3,1
ASR,gene:proph:172557,prophage,1,0,3,1
ASR,gene:proph:172559,prophage,0,0,1,1
ASR,gene:proph:173951,prophage,0,0,3,1
ASR,gene:proph:176710,prophage,0,1,0,1
ASR,gene:proph:176720,prophage,0,0,1,1
ASR,gene:proph:176724,prophage,0,1,0,1
ASR,gene:proph:176725,prophage,0,1,0,1
ASR,gene:proph:176727,prophage,0,1,0,1
ASR,gene:proph:176728,prophage,0,1,0,1
ASR,gene:proph:176729,prophage,0,1,0,1
ASR,gene:proph:176730,prophage,0,1,0,1
ASR,gene:proph:176731,prophage,0,1,0,1
ASR,gene:proph:176732,prophage,0,1,0,1
ASR,gene:proph:176733,prophage,0,1,0,1
ASR,gene:proph:176799,prophage,1,0,3,1
ASR,gene:proph:176800,prophage,1,0,3,1
ASR,gene:proph:176806,prophage,0,0,1,1
ASR,gene:proph:176807,prophage,0,0,1,1
ASR,gene:proph:176808,prophage,0,0,1,1
ASR,gene:proph:177474,prophage,0,1,0,1
ASR,gene:proph:177498,prophage,0,0,3,1
ASR,gene:proph:177498,prophage,0,1,0,1
ASR,gene:proph:177498,prophage,1,0,3,1
ASR,gene:proph:177582,prophage,1,0,3,1
ASR,gene:proph:177584,prophage,0,0,1,1
ASR,gene:proph:177584,prophage,1,0,3,1
ASR,gene:proph:177595,prophage,1,0,3,1
ASR,gene:proph:179463,prophage,0,0,1,1
ASR,gene:proph:179464,prophage,0,0,1,1
ASR,gene:proph:179464,prophage,0,1,0,1
ASR,gene:proph:179465,prophage,0,0,3,1
ASR,gene:proph:181127,prophage,1,0,3,1
ASR,gene:proph:181129,prophage,1,0,3,1
ASR,gene:proph:181133,prophage,0,1,0,1
ASR,gene:proph:181137,prophage,0,1,0,1
ASR,gene:proph:181140,prophage,0,1,0,1
ASR,gene:proph:181266,prophage,1,0,3,1
ASR,gene:proph:181300,prophage,0,1,0,1
ASR,gene:proph:182923,prophage,0,0,3,1
ASR,gene:proph:182924,prophage,0,0,3,1
ASR,gene:proph:182925,prophage,0,0,3,1
ASR,gene:proph:182926,prophage,0,0,3,1
ASR,gene:vir:108417,virus,1,0,3,1
ASR,gene:vir:108421,virus,1,0,3,1
ASR,gene:vir:133,virus,0,0,1,1
ASR,gene:vir:3486,virus,0,1,0,1
ASR,gene:vir:79544,virus,0,1,0,1
BACA,gene:plasmid:117725,likely IS/TE,0,1,0,1
BACA,gene:plasmid:123168,plasmid,0,1,0,2
BACA,gene:plasmid:123169,plasmid,0,1,0,1
BACA,gene:plasmid:123170,plasmid,0,1,0,1
BACA,gene:plasmid:123171,plasmid,0,1,0,1
BACA,gene:plasmid:123173,plasmid,0,1,0,2
BACA,gene:plasmid:123174,plasmid,0,1,0,2
BACA,gene:plasmid:123175,plasmid,0,1,0,2
BACA,gene:plasmid:123257,plasmid,0,1,0,1
BACA,gene:plasmid:142025,likely IS/TE,0,1,0,1
BACA,gene:plasmid:20019,plasmid,0,1,0,1
BACA,gene:plasmid:20020,plasmid,0,1,0,1
BACA,gene:plasmid:20022,plasmid,0,1,0,1
BACA,gene:proph:183015,prophage,0,1,0,1
BAES,gene:plasmid:88328,plasmid,0,0,1,1
BAES,gene:plasmid:88329,plasmid,0,0,1,1
BAES,gene:proph:176924,prophage,0,0,1,1
BAES,gene:vir:2013,virus,0,0,1,1
BAES,gene:vir:2016,virus,0,0,1,1
BAES,gene:vir:2019,virus,0,0,1,1
BAES,gene:vir:2021,virus,0,0,1,1
BAES,gene:vir:2022,virus,0,0,1,1
BAES,gene:vir:2024,virus,0,0,1,1
BAES,gene:vir:2025,virus,0,0,1,1
BAES,gene:vir:2028,virus,0,0,1,1
BAES,gene:vir:2029,virus,0,0,1,1
BAES,gene:vir:2030,virus,0,0,1,1
BAES,gene:vir:2031,virus,0,0,1,1
BAES,gene:vir:2036,virus,0,0,1,1
BAES,gene:vir:2039,virus,0,0,1,1
BAES,gene:vir:2044,virus,0,0,1,1
BAES,gene:vir:2045,virus,0,0,1,1
BAES,gene:vir:5693,virus,0,0,1,1
BAES,gene:vir:5698,virus,0,0,1,1
BAES,gene:vir:5709,virus,0,0,1,1
BAES,gene:vir:5718,virus,0,0,1,1
BAES,gene:vir:5722,virus,0,0,1,1
BAES,gene:vir:6062,virus,0,0,1,1
BAES,gene:vir:6063,virus,0,0,1,1
BAES,gene:vir:6068,virus,0,0,1,1
BAES,gene:vir:6071,virus,0,0,1,1
BAES,gene:vir:6079,virus,0,0,1,1
BAES,gene:vir:6081,virus,0,0,1,1
BAES,gene:vir:6085,virus,0,0,1,1
BCR,gene:plasmid:123177,likely IS/TE,0,0,1,1
BCR,gene:plasmid:21818,plasmid,0,1,0,5
BCR,gene:proph:161601,prophage,0,0,3,1
BCR,gene:proph:161602,prophage,0,0,3,1
BCR,gene:proph:163837,prophage,0,0,1,1
BCR,gene:proph:172477,prophage,0,0,3,1
BCR,gene:proph:172581,prophage,0,0,3,1
BCR,gene:proph:172582,prophage,0,0,3,1
BCR,gene:proph:172610,prophage,0,0,3,1
BCR,gene:proph:172665,prophage,0,0,3,1
BCR,gene:proph:176786,prophage,0,0,3,1
BCR,gene:proph:176788,prophage,0,0,3,1
BCR,gene:proph:176789,prophage,0,0,3,1
BCR,gene:proph:177548,prophage,0,0,3,1
BCR,gene:proph:177619,prophage,0,0,3,1
BCR,gene:proph:177622,prophage,0,0,3,1
BCR,gene:proph:177629,prophage,0,0,3,1
BCR,gene:proph:177630,prophage,0,0,3,1
BCR,gene:proph:177683,prophage,0,0,3,1
BCR,gene:proph:177695,prophage,0,0,3,1
BCR,gene:proph:181182,prophage,0,0,3,1
BCR,gene:proph:181184,prophage,0,0,3,1
BCR,gene:proph:181208,prophage,0,0,3,1
BCR,gene:vir:104409,virus,0,0,3,1
BCR,gene:vir:108421,virus,0,0,3,1
BCR,gene:vir:450,virus,0,0,3,1
BCR,gene:vir:809,virus,0,0,3,1
BCR,gene:vir:8733,virus,0,0,3,1
BCR,gene:vir:8776,virus,0,0,3,1
BCR,gene:vir:8777,virus,0,0,3,1
BHSA,gene:proph:163918,prophage,0,0,1,1
BHSA,gene:proph:163934,prophage,0,0,1,1
BHSA,gene:proph:163935,prophage,0,0,1,1
BHSA,gene:proph:169100,prophage,0,0,1,1
BHSA,gene:proph:169101,prophage,0,0,1,1
BHSA,gene:proph:169106,prophage,0,0,1,1
BHSA,gene:proph:169107,prophage,0,0,1,1
BHSA,gene:proph:169108,prophage,0,0,1,1
BHSA,gene:proph:169112,prophage,0,0,1,1
BHSA,gene:proph:172517,prophage,0,1,0,4
BHSA,gene:proph:172518,prophage,0,1,0,5
BHSA,gene:proph:172519,prophage,0,1,0,5
BHSA,gene:proph:172520,prophage,0,1,0,4
BHSA,gene:proph:172521,prophage,0,1,0,5
BHSA,gene:proph:172522,prophage,0,1,0,5
BHSA,gene:proph:172523,prophage,0,1,0,5
BHSA,gene:proph:172524,prophage,0,1,0,5
BHSA,gene:proph:172550,prophage,0,0,1,1
BHSA,gene:proph:172551,prophage,0,0,1,1
BHSA,gene:proph:173955,prophage,0,0,1,1
BHSA,gene:proph:176799,prophage,0,0,1,1
BHSA,gene:proph:176800,prophage,0,0,1,1
BHSA,gene:proph:176804,prophage,0,0,1,1
BHSA,gene:proph:177498,prophage,0,0,1,1
BHSA,gene:proph:177501,prophage,0,0,1,1
BHSA,gene:proph:177584,prophage,0,0,1,1
BHSA,gene:vir:104416,virus,0,0,1,1
BHSA,gene:vir:108417,virus,0,0,1,1
BLAEC,gene:plasmid:109300,plasmid,0,0,1,1
CADX,gene:proph:175648,prophage,0,1,0,1
CADX,gene:proph:175649,prophage,0,1,0,1
CADX,gene:proph:175652,prophage,0,1,0,1
CATA,gene:plasmid:117782,plasmid,0,0,3,1
CDEA,gene:proph:160736,prophage,0,1,0,1
CEPA,ICEberg|65|CTnGERM1|GenBank...,ICE,0,0,2,1
CEPA,gene:plasmid:133389,plasmid,0,1,0,1
CFX,gene:plasmid:141426,plasmid,0,0,1,6
CFX,gene:plasmid:141426,plasmid,0,0,2,1
CFX,gene:plasmid:141426,plasmid,0,0,3,3
CFX,gene:plasmid:141426,plasmid,0,1,0,1
CFX,gene:plasmid:141426,plasmid,1,0,3,8
CHAA,gene:plasmid:117813,likely IS/TE,0,0,1,1
CHAA,gene:plasmid:15993,likely IS/TE,0,0,1,1
CHAA,gene:plasmid:15994,likely IS/TE,0,0,1,1
CHAA,gene:proph:172516,prophage,0,0,1,1
CHAA,gene:proph:172517,prophage,0,0,1,2
CHAA,gene:proph:172517,prophage,0,1,0,1
CHAA,gene:proph:172518,prophage,0,0,1,2
CHAA,gene:proph:172518,prophage,0,1,0,1
CHAA,gene:proph:172519,prophage,0,0,1,2
CHAA,gene:proph:172519,prophage,0,1,0,1
CHAA,gene:proph:172520,prophage,0,0,1,2
CHAA,gene:proph:172520,prophage,0,1,0,1
CHAA,gene:proph:172521,prophage,0,0,1,2
CHAA,gene:proph:172521,prophage,0,1,0,1
CHAA,gene:proph:172522,prophage,0,0,1,2
CHAA,gene:proph:172522,prophage,0,1,0,1
CHAA,gene:proph:172523,prophage,0,0,1,2
CHAA,gene:proph:172523,prophage,0,1,0,1
CHAA,gene:proph:172524,prophage,0,0,1,2
CHAA,gene:proph:172524,prophage,0,1,0,1
CHAA,gene:proph:176039,prophage,0,0,1,1
CHAA,gene:proph:176040,prophage,0,0,1,1
CHAA,gene:proph:176060,prophage,0,0,1,1
CHAA,gene:proph:176071,prophage,0,0,1,1
CHAA,gene:proph:176073,prophage,0,0,1,1
CHAA,gene:proph:176755,prophage,0,0,1,1
CHAA,gene:proph:176757,prophage,0,0,1,1
CHAA,gene:proph:176758,prophage,0,0,1,1
CHAA,gene:proph:176759,prophage,0,0,1,1
CHAA,gene:proph:176763,prophage,0,0,1,1
CHAA,gene:proph:176764,prophage,0,0,1,1
CHAA,gene:proph:176765,prophage,0,0,1,1
CHAA,gene:proph:176766,prophage,0,0,1,1
CHAA,gene:proph:176768,prophage,0,0,1,1
CHAA,gene:proph:176772,prophage,0,0,1,1
CHAA,gene:proph:176774,prophage,0,0,1,1
CHAA,gene:proph:176775,prophage,0,0,1,1
CHAA,gene:proph:176778,prophage,0,0,1,1
CHAA,gene:proph:176779,prophage,0,0,1,1
CHAA,gene:proph:176780,prophage,0,0,1,1
CHAA,gene:proph:176786,prophage,0,0,1,1
CHAA,gene:proph:176788,prophage,0,0,1,1
CHAA,gene:proph:176790,prophage,0,0,1,1
CHAA,gene:proph:176791,prophage,0,0,1,1
CHAA,gene:proph:176795,prophage,0,0,1,1
CHAA,gene:proph:176797,prophage,0,0,1,1
CHAA,gene:proph:176813,prophage,0,0,1,1
CHAA,gene:proph:179433,prophage,0,0,1,1
CHAA,gene:proph:181166,prophage,0,0,1,1
CHAA,gene:proph:181168,prophage,0,0,1,1
CHAA,gene:proph:181171,prophage,0,0,1,1
CHAA,gene:proph:181174,prophage,0,0,1,1
CHAA,gene:proph:181177,prophage,0,0,1,1
CHAA,gene:proph:181180,prophage,0,0,1,1
CHAA,gene:proph:181182,prophage,0,0,1,1
CHAA,gene:proph:181184,prophage,0,0,1,1
CHAA,gene:proph:181191,prophage,0,0,1,1
CHAA,gene:proph:181192,prophage,0,0,1,1
CHAA,gene:proph:181193,prophage,0,0,1,1
CHAA,gene:proph:181195,prophage,0,0,1,1
CHAA,gene:proph:181203,prophage,0,0,1,1
CHAA,gene:proph:181206,prophage,0,0,1,1
CHAA,gene:proph:181209,prophage,0,0,1,1
CHAA,gene:proph:181211,prophage,0,0,1,1
CHAA,gene:proph:181213,prophage,0,0,1,1
CHAA,gene:proph:181217,prophage,0,0,1,1
CHAA,gene:proph:181225,prophage,0,0,1,1
CHAA,gene:proph:183003,prophage,0,0,1,1
CHAA,gene:vir:10232,virus,0,0,1,1
CHAA,gene:vir:108541,virus,0,0,1,1
CHAA,gene:vir:108544,virus,0,0,1,1
CHAA,gene:vir:1915,virus,0,0,1,1
CHAA,gene:vir:95339,virus,0,0,1,1
CMY,gene:proph:169080,prophage,0,1,0,1
CMY,gene:proph:183015,prophage,0,1,0,1
CMY,gene:proph:183019,prophage,0,1,0,1
COMR,gene:plasmid:84614,likely IS/TE,0,0,1,1
COMR,gene:plasmid:84622,likely IS/TE,0,0,1,1
COMR,gene:proph:163918,prophage,0,0,1,1
COMR,gene:proph:163918,prophage,0,1,0,1
COMR,gene:proph:163934,prophage,0,0,1,1
COMR,gene:proph:163934,prophage,0,1,0,1
COMR,gene:proph:163935,prophage,0,0,1,1
COMR,gene:proph:163935,prophage,0,1,0,1
COMR,gene:proph:169100,prophage,0,0,1,1
COMR,gene:proph:169100,prophage,0,1,0,1
COMR,gene:proph:169101,prophage,0,0,1,1
COMR,gene:proph:169106,prophage,0,0,1,1
COMR,gene:proph:169106,prophage,0,1,0,1
COMR,gene:proph:169107,prophage,0,0,1,1
COMR,gene:proph:169112,prophage,0,0,1,1
COMR,gene:proph:169112,prophage,0,1,0,1
COMR,gene:proph:172517,prophage,0,0,1,1
COMR,gene:proph:172517,prophage,0,0,3,2
COMR,gene:proph:172517,prophage,0,1,0,1
COMR,gene:proph:172518,prophage,0,0,1,1
COMR,gene:proph:172518,prophage,0,0,3,2
COMR,gene:proph:172518,prophage,0,1,0,2
COMR,gene:proph:172519,prophage,0,0,1,1
COMR,gene:proph:172519,prophage,0,0,3,2
COMR,gene:proph:172519,prophage,0,1,0,2
COMR,gene:proph:172520,prophage,0,0,1,1
COMR,gene:proph:172520,prophage,0,0,3,2
COMR,gene:proph:172520,prophage,0,1,0,2
COMR,gene:proph:172521,prophage,0,0,1,1
COMR,gene:proph:172521,prophage,0,0,3,2
COMR,gene:proph:172521,prophage,0,1,0,2
COMR,gene:proph:172522,prophage,0,0,1,1
COMR,gene:proph:172522,prophage,0,0,3,2
COMR,gene:proph:172522,prophage,0,1,0,3
COMR,gene:proph:172523,prophage,0,0,1,1
COMR,gene:proph:172523,prophage,0,0,3,2
COMR,gene:proph:172523,prophage,0,1,0,3
COMR,gene:proph:172524,prophage,0,0,1,1
COMR,gene:proph:172524,prophage,0,0,3,2
COMR,gene:proph:172524,prophage,0,1,0,3
COMR,gene:proph:172550,prophage,0,0,1,1
COMR,gene:proph:172551,prophage,0,1,0,1
COMR,gene:proph:172557,prophage,0,0,1,1
COMR,gene:proph:172610,prophage,0,1,0,1
COMR,gene:proph:173756,prophage,0,0,1,1
COMR,gene:proph:173757,prophage,0,0,1,1
COMR,gene:proph:173760,prophage,0,0,1,1
COMR,gene:proph:173763,prophage,0,0,1,1
COMR,gene:proph:173768,prophage,0,0,1,1
COMR,gene:proph:173770,prophage,0,0,1,1
COMR,gene:proph:173771,prophage,0,0,1,1
COMR,gene:proph:173772,prophage,0,0,1,1
COMR,gene:proph:173773,prophage,0,0,1,1
COMR,gene:proph:173775,prophage,0,0,1,1
COMR,gene:proph:173779,prophage,0,0,1,1
COMR,gene:proph:173784,prophage,0,0,1,1
COMR,gene:proph:173785,prophage,0,0,1,1
COMR,gene:proph:173786,prophage,0,0,1,1
COMR,gene:proph:173787,prophage,0,0,1,1
COMR,gene:proph:173955,prophage,0,0,1,1
COMR,gene:proph:173955,prophage,0,1,0,1
COMR,gene:proph:174980,prophage,0,0,1,1
COMR,gene:proph:174986,prophage,0,0,1,1
COMR,gene:proph:174991,prophage,0,0,1,1
COMR,gene:proph:174992,prophage,0,0,1,1
COMR,gene:proph:174994,prophage,0,0,1,1
COMR,gene:proph:174999,prophage,0,0,1,1
COMR,gene:proph:175001,prophage,0,0,1,1
COMR,gene:proph:175003,prophage,0,0,1,1
COMR,gene:proph:175004,prophage,0,0,1,1
COMR,gene:proph:175006,prophage,0,0,1,1
COMR,gene:proph:175010,prophage,0,0,1,1
COMR,gene:proph:176076,prophage,0,0,1,1
COMR,gene:proph:176080,prophage,0,1,0,1
COMR,gene:proph:176783,prophage,0,1,0,1
COMR,gene:proph:176786,prophage,0,1,0,1
COMR,gene:proph:176787,prophage,0,1,0,1
COMR,gene:proph:176788,prophage,0,1,0,1
COMR,gene:proph:176789,prophage,0,1,0,1
COMR,gene:proph:176791,prophage,0,1,0,1
COMR,gene:proph:176799,prophage,0,0,1,1
COMR,gene:proph:176804,prophage,0,0,1,1
COMR,gene:proph:176804,prophage,0,1,0,1
COMR,gene:proph:176805,prophage,0,1,0,1
COMR,gene:proph:176809,prophage,0,1,0,1
COMR,gene:proph:177498,prophage,0,0,1,1
COMR,gene:proph:177498,prophage,0,1,0,1
COMR,gene:proph:177501,prophage,0,1,0,1
COMR,gene:proph:177510,prophage,0,1,0,1
COMR,gene:proph:177584,prophage,0,0,1,1
COMR,gene:proph:177584,prophage,0,1,0,1
COMR,gene:proph:177585,prophage,0,1,0,1
COMR,gene:proph:177619,prophage,0,1,0,1
COMR,gene:proph:177622,prophage,0,1,0,1
COMR,gene:proph:177629,prophage,0,1,0,1
COMR,gene:proph:177630,prophage,0,1,0,1
COMR,gene:proph:177660,prophage,0,1,0,1
COMR,gene:proph:181175,prophage,0,1,0,1
COMR,gene:proph:181182,prophage,0,1,0,1
COMR,gene:proph:181209,prophage,0,1,0,1
COMR,gene:vir:104372,virus,0,1,0,1
COMR,gene:vir:104416,virus,0,1,0,1
COMR,gene:vir:108417,virus,0,1,0,1
COMR,gene:vir:108421,virus,0,1,0,1
COMR,gene:vir:8777,virus,0,1,0,1
COPA,gene:plasmid:123175,plasmid,0,0,1,2
COPA,gene:plasmid:123175,plasmid,0,0,3,2
COPA,gene:plasmid:123175,plasmid,1,0,3,1
COPA,gene:plasmid:148055,plasmid,0,1,0,1
COPA,gene:plasmid:151280,likely IS/TE,0,0,1,1
COPA,gene:plasmid:21909,plasmid,0,1,0,1
COPA,gene:plasmid:24081,plasmid,0,1,0,1
COPA,gene:plasmid:88435,plasmid,0,0,1,2
COPA,gene:plasmid:88435,plasmid,0,0,3,3
COPA,gene:plasmid:88435,plasmid,1,0,3,1
COPA,gene:plasmid:88436,plasmid,0,0,1,2
COPA,gene:plasmid:88436,plasmid,0,0,3,3
COPA,gene:plasmid:88436,plasmid,0,1,0,1
COPA,gene:plasmid:88436,plasmid,1,0,3,1
COPA,gene:plasmid:88437,plasmid,0,0,1,2
COPA,gene:plasmid:88437,plasmid,0,0,3,2
COPA,gene:plasmid:88437,plasmid,0,1,0,3
COPA,gene:plasmid:88437,plasmid,0,1,3,1
COPA,gene:plasmid:88437,plasmid,1,0,3,1
COPA,gene:proph:159024,prophage,1,0,3,1
COPA,gene:proph:159026,prophage,1,0,3,1
COPA,gene:proph:159028,prophage,1,0,3,1
COPA,gene:proph:159032,likely IS/TE,1,0,3,1
COPA,gene:proph:159036,prophage,1,0,3,1
COPA,gene:proph:163837,prophage,1,0,3,1
COPA,gene:proph:163841,prophage,1,0,3,1
COPA,gene:proph:163842,prophage,1,0,3,1
COPA,gene:proph:163852,prophage,1,0,3,1
COPA,gene:proph:166433,prophage,0,1,0,1
COPA,gene:proph:170577,prophage,0,1,0,1
COPA,gene:proph:170590,prophage,0,1,0,1
COPA,gene:proph:170892,prophage,0,0,1,1
COPA,gene:proph:170892,prophage,0,1,0,3
COPA,gene:proph:173116,prophage,0,1,0,1
COPA,gene:proph:173723,prophage,0,1,0,2
COPA,gene:proph:175139,prophage,0,1,0,1
COPA,gene:proph:175261,prophage,0,1,0,1
COPA,gene:proph:176040,prophage,0,0,1,1
COPA,gene:proph:176040,prophage,1,0,3,1
COPA,gene:proph:176046,prophage,1,0,3,1
COPA,gene:proph:176052,prophage,1,0,3,1
COPA,gene:proph:176073,prophage,1,0,3,1
COPA,gene:proph:176076,prophage,1,0,3,1
COPA,gene:proph:176869,prophage,1,0,3,1
COPA,gene:proph:181127,prophage,1,0,3,1
COPA,gene:proph:181172,prophage,1,0,3,1
COPA,gene:vir:108544,virus,1,0,3,1
COPA,gene:vir:108727,virus,0,0,1,1
COPA,gene:vir:108728,virus,0,0,1,1
COPA,gene:vir:4533,virus,0,0,1,1
COPA,gene:vir:4533,virus,1,0,3,1
CORA,gene:plasmid:121888,likely IS/TE,0,0,1,1
CORA,gene:plasmid:123244,plasmid,0,0,1,2
CORA,gene:plasmid:123244,plasmid,0,0,3,1
CORA,gene:plasmid:123244,plasmid,0,1,0,2
CORA,gene:plasmid:123244,plasmid,0,1,3,2
CORA,gene:plasmid:123245,plasmid,0,0,1,2
CORA,gene:plasmid:123245,plasmid,0,0,3,1
CORA,gene:plasmid:123245,plasmid,0,1,0,2
CORA,gene:plasmid:123245,plasmid,0,1,3,2
CORA,gene:plasmid:123246,plasmid,0,0,1,2
CORA,gene:plasmid:123246,plasmid,0,0,3,1
CORA,gene:plasmid:123246,plasmid,0,1,0,2
CORA,gene:plasmid:123246,plasmid,0,1,3,2
CORA,gene:plasmid:123247,plasmid,0,0,1,2
CORA,gene:plasmid:123247,plasmid,0,0,3,1
CORA,gene:plasmid:123247,plasmid,0,1,0,2
CORA,gene:plasmid:123247,plasmid,0,1,3,2
CORA,gene:plasmid:123248,plasmid,0,0,1,2
CORA,gene:plasmid:123248,plasmid,0,0,3,1
CORA,gene:plasmid:123248,plasmid,0,1,0,2
CORA,gene:plasmid:123248,plasmid,0,1,3,2
CORA,gene:plasmid:123249,plasmid,0,0,1,2
CORA,gene:plasmid:123249,plasmid,0,0,3,1
CORA,gene:plasmid:123249,plasmid,0,1,0,2
CORA,gene:plasmid:123249,plasmid,0,1,3,2
CORA,gene:plasmid:123250,plasmid,0,0,1,2
CORA,gene:plasmid:123250,plasmid,0,0,3,1
CORA,gene:plasmid:123250,plasmid,0,1,0,2
CORA,gene:plasmid:123250,plasmid,0,1,3,2
CORA,gene:plasmid:123251,plasmid,0,0,1,2
CORA,gene:plasmid:123251,plasmid,0,0,3,1
CORA,gene:plasmid:123251,plasmid,0,1,0,2
CORA,gene:plasmid:123251,plasmid,0,1,3,2
CORA,gene:plasmid:123252,plasmid,0,0,1,2
CORA,gene:plasmid:123252,plasmid,0,0,3,1
CORA,gene:plasmid:123252,plasmid,0,1,0,2
CORA,gene:plasmid:123252,plasmid,0,1,3,2
CORA,gene:plasmid:123253,plasmid,0,0,1,2
CORA,gene:plasmid:123253,plasmid,0,0,3,1
CORA,gene:plasmid:123253,plasmid,0,1,0,2
CORA,gene:plasmid:123253,plasmid,0,1,3,2
CORA,gene:plasmid:123254,plasmid,0,0,1,2
CORA,gene:plasmid:123254,plasmid,0,0,3,1
CORA,gene:plasmid:123254,plasmid,0,1,0,2
CORA,gene:plasmid:123254,plasmid,0,1,3,2
CORA,gene:plasmid:24088,plasmid,0,1,0,1
CORA,gene:plasmid:24561,plasmid,0,0,1,5
CORA,gene:plasmid:24561,plasmid,0,0,3,2
CORA,gene:plasmid:24561,plasmid,0,1,0,10
CORA,gene:plasmid:24561,plasmid,0,1,1,4
CORA,gene:plasmid:24561,plasmid,0,1,3,3
CORA,gene:plasmid:24561,plasmid,1,0,3,2
CORA,gene:plasmid:24561,plasmid,1,1,3,1
CORA,gene:plasmid:86304,plasmid,0,1,0,1
CORA,gene:proph:159396,prophage,0,0,1,3
CORA,gene:proph:159396,prophage,0,0,3,3
CORA,gene:proph:159396,prophage,0,1,0,9
CORA,gene:proph:159396,prophage,0,1,1,3
CORA,gene:proph:159396,prophage,0,1,3,1
CORA,gene:proph:159396,prophage,1,0,3,1
CORA,gene:proph:173949,prophage,0,0,1,1
CORA,gene:vir:101323,virus,0,0,1,1
CORA,gene:vir:101325,virus,0,0,1,1
CORA,gene:vir:101326,virus,0,0,1,1
CORA,gene:vir:101327,virus,0,0,1,1
CORA,gene:vir:101333,virus,0,0,1,1
CORA,gene:vir:101336,virus,0,0,1,1
CORA,gene:vir:101337,virus,0,0,1,1
CORA,gene:vir:101338,virus,0,0,1,1
CORA,gene:vir:101339,virus,0,0,1,1
CORA,gene:vir:101358,virus,0,0,1,1
CORA,gene:vir:101359,virus,0,0,1,1
CORA,gene:vir:101366,virus,0,0,1,1
CORA,gene:vir:101367,virus,0,0,1,1
CORA,gene:vir:101368,virus,0,0,1,1
CORA,gene:vir:101369,virus,0,0,1,1
CORA,gene:vir:101370,virus,0,0,1,1
CORA,gene:vir:101372,virus,0,0,1,1
CORA,gene:vir:101382,virus,0,0,1,1
CORA,gene:vir:101385,virus,0,0,1,1
CORA,gene:vir:101387,virus,0,0,1,1
CORA,gene:vir:101388,virus,0,0,1,1
CORA,gene:vir:101393,virus,0,0,1,1
CORA,gene:vir:101394,virus,0,0,1,1
CORA,gene:vir:101397,virus,0,0,1,1
CORA,gene:vir:101398,virus,0,0,1,1
CORA,gene:vir:101399,virus,0,0,1,1
CORA,gene:vir:101404,virus,0,0,1,1
CORA,gene:vir:101410,virus,0,0,1,1
CORA,gene:vir:101413,virus,0,0,1,1
CORA,gene:vir:101419,virus,0,0,1,1
CORA,gene:vir:101420,virus,0,0,1,1
CORA,gene:vir:101424,virus,0,0,1,1
CORA,gene:vir:101427,virus,0,0,1,1
CORA,gene:vir:101428,virus,0,0,1,1
CORA,p0111_1__AP010962,replicon,0,0,1,1
CORB,gene:plasmid:116667,plasmid,0,1,0,1
CORB,gene:plasmid:118383,plasmid,0,1,0,1
CORB,gene:plasmid:123353,likely IS/TE,0,0,1,1
CORB,gene:plasmid:21842,plasmid,0,1,0,2
CORB,gene:plasmid:21843,plasmid,0,1,0,1
CORB,gene:plasmid:24510,likely IS/TE,0,0,1,1
CORB,gene:plasmid:24693,plasmid,0,1,0,1
CORB,gene:plasmid:93474,plasmid,0,0,3,1
CORB,gene:plasmid:93475,plasmid,0,0,3,1
CORB,gene:plasmid:93482,plasmid,0,1,1,1
CORB,gene:proph:159051,prophage,1,0,3,1
CORB,gene:proph:161536,prophage,0,1,0,1
CORB,gene:proph:161537,prophage,0,1,0,2
CORB,gene:proph:163873,prophage,0,1,0,1
CORB,gene:proph:163976,likely IS/TE,0,0,1,7
CORB,gene:proph:163976,likely IS/TE,0,0,3,1
CORB,gene:proph:163976,likely IS/TE,0,1,0,7
CORB,gene:proph:163976,likely IS/TE,0,1,3,4
CORB,gene:proph:163976,likely IS/TE,1,0,3,1
CORB,gene:proph:169135,prophage,0,0,3,1
CORB,gene:proph:169136,prophage,0,0,3,1
CORB,gene:proph:169137,prophage,0,0,3,1
CORB,gene:proph:169138,prophage,0,0,3,1
CORB,gene:proph:169140,prophage,0,0,3,1
CORB,gene:proph:169141,prophage,0,0,3,1
CORB,gene:proph:169148,prophage,0,0,3,1
CORB,gene:proph:169149,prophage,0,0,3,1
CORB,gene:proph:169150,prophage,0,0,3,1
CORB,gene:proph:170528,prophage,0,0,3,2
CORB,gene:proph:170528,prophage,0,1,0,1
CORB,gene:proph:170536,prophage,0,0,3,2
CORB,gene:proph:170536,prophage,0,1,0,1
CORB,gene:proph:170537,prophage,0,0,3,1
CORB,gene:proph:170537,prophage,0,1,0,1
CORB,gene:proph:170538,prophage,0,1,0,1
CORB,gene:proph:170540,prophage,0,0,3,1
CORB,gene:proph:170540,prophage,0,1,3,1
CORB,gene:proph:170541,prophage,0,0,3,1
CORB,gene:proph:170553,prophage,0,0,3,1
CORB,gene:proph:170558,prophage,0,0,3,1
CORB,gene:proph:170560,prophage,0,0,3,1
CORB,gene:proph:173473,prophage,0,1,0,1
CORB,gene:proph:173754,prophage,0,1,0,1
CORB,gene:proph:175013,prophage,0,1,0,1
CORB,gene:proph:179201,prophage,0,1,0,1
CORB,gene:proph:179335,prophage,0,1,0,1
CORB,gene:proph:179418,prophage,0,1,0,1
CORB,gene:proph:179425,prophage,0,1,0,1
CORB,gene:proph:181050,prophage,0,0,3,1
CORB,gene:proph:181054,prophage,0,0,3,1
CORB,gene:proph:181055,prophage,0,0,3,1
CORB,gene:proph:181056,prophage,0,0,3,1
CORB,gene:proph:181057,prophage,0,0,3,1
CORB,gene:proph:181058,prophage,0,0,3,1
CORB,gene:proph:181059,prophage,0,0,3,1
CORB,gene:proph:181062,prophage,0,0,3,1
CORB,gene:proph:182951,prophage,0,1,0,1
CORB,gene:proph:182952,prophage,0,1,0,1
CORB,gene:proph:182953,prophage,0,1,0,2
CORB,gene:proph:183000,prophage,0,1,0,1
CORB,gene:proph:183012,prophage,0,1,0,1
CORB,gene:proph:183015,prophage,0,1,0,1
CORB,gene:proph:183019,prophage,0,0,1,1
CORB,gene:proph:183019,prophage,0,1,0,1
CORB,gene:proph:184639,prophage,0,1,0,1
CORC,gene:plasmid:124575,plasmid,0,1,0,1
CORC,gene:plasmid:146529,plasmid,0,1,0,1
CORC,gene:plasmid:24608,plasmid,0,1,0,1
CORC,gene:plasmid:24609,plasmid,0,0,1,1
CORC,gene:plasmid:24610,plasmid,0,1,0,4
CORC,gene:plasmid:93463,plasmid,0,1,0,1
CORC,gene:proph:183618,prophage,0,1,0,2
CPXAR,gene:proph:163807,prophage,0,1,0,1
CPXAR,gene:vir:2046,virus,0,1,0,1
CPXAR,gene:vir:2048,virus,0,1,0,1
CPXAR,gene:vir:2049,virus,0,1,0,1
CPXAR,gene:vir:2050,virus,0,1,0,1
CPXAR,gene:vir:5719,virus,0,1,0,2
CPXAR,gene:vir:5720,virus,0,1,0,1
CPXAR,gene:vir:5721,virus,0,1,0,1
CPXAR,gene:vir:5723,virus,0,1,0,1
CPXAR,gene:vir:5727,virus,0,1,0,1
CPXAR,gene:vir:6058,virus,0,1,0,1
CPXAR,gene:vir:6059,virus,0,1,0,1
CPXAR,gene:vir:6060,virus,0,1,0,1
CPXAR,gene:vir:6088,virus,0,1,0,1
CPXAR,pENTAS02_1__CP003028,replicon,0,1,0,1
CRP,gene:plasmid:120162,plasmid,0,0,1,2
CRP,gene:plasmid:120162,plasmid,0,0,3,1
CRP,gene:plasmid:120162,plasmid,0,1,1,1
CRP,gene:plasmid:123887,plasmid,0,0,1,1
CRP,gene:plasmid:151260,plasmid,0,0,1,1
CRP,gene:plasmid:151260,plasmid,0,1,0,1
CRP,gene:plasmid:154042,likely IS/TE,0,0,1,1
CRP,gene:plasmid:154043,likely IS/TE,0,0,1,1
CRP,gene:plasmid:21818,plasmid,0,0,1,6
CRP,gene:plasmid:21818,plasmid,0,0,3,1
CRP,gene:plasmid:21818,plasmid,0,1,0,7
CRP,gene:plasmid:21818,plasmid,0,1,1,3
CRP,gene:plasmid:85992,plasmid,0,1,0,1
CRP,gene:proph:182970,prophage,0,1,0,1
CRP,gene:vir:1321,virus,0,0,1,1
CTX,IncFIA(HI1)_1_HI1_AF250878,Inc_plasmid,0,0,1,1
CTX,IncFII_1_pKP91_CP000966,Inc_plasmid,0,1,0,1
CTX,IncHI2_1__BX664015,Inc_plasmid,0,0,3,1
CTX,gene:plasmid:110424,plasmid,0,1,0,1
CTX,gene:plasmid:117692,plasmid,0,1,0,1
CTX,gene:plasmid:117725,likely IS/TE,0,0,1,1
CTX,gene:plasmid:117744,likely IS/TE,0,1,0,1
CTX,gene:plasmid:117746,likely IS/TE,0,1,0,1
CTX,gene:plasmid:117749,likely IS/TE,0,0,1,1
CTX,gene:plasmid:117813,likely IS/TE,0,0,1,1
CTX,gene:plasmid:119712,likely IS/TE,0,1,0,1
CTX,gene:plasmid:121461,plasmid,0,1,0,2
CTX,gene:plasmid:121468,likely IS/TE,0,1,0,1
CTX,gene:plasmid:121547,plasmid,0,1,0,1
CTX,gene:plasmid:121888,likely IS/TE,0,0,1,1
CTX,gene:plasmid:123237,plasmid,0,1,0,1
CTX,gene:plasmid:123238,plasmid,0,1,0,1
CTX,gene:plasmid:123239,plasmid,0,1,0,1
CTX,gene:plasmid:136001,plasmid,0,0,3,1
CTX,gene:plasmid:136284,plasmid,0,1,0,1
CTX,gene:plasmid:142025,likely IS/TE,0,1,0,3
CTX,gene:plasmid:151265,likely IS/TE,0,1,0,1
CTX,gene:plasmid:153832,plasmid,0,0,3,1
CTX,gene:plasmid:153833,plasmid,0,0,3,1
CTX,gene:plasmid:153834,plasmid,0,0,3,1
CTX,gene:plasmid:153835,plasmid,0,0,3,1
CTX,gene:plasmid:153836,plasmid,0,0,3,1
CTX,gene:plasmid:153837,plasmid,0,0,3,1
CTX,gene:plasmid:153838,plasmid,0,0,3,1
CTX,gene:plasmid:153840,plasmid,0,0,3,1
CTX,gene:plasmid:153841,plasmid,0,0,3,1
CTX,gene:plasmid:153842,plasmid,0,0,3,1
CTX,gene:plasmid:153843,plasmid,0,0,3,1
CTX,gene:plasmid:153844,plasmid,0,0,3,1
CTX,gene:plasmid:153845,plasmid,0,0,3,1
CTX,gene:plasmid:153846,plasmid,0,0,3,1
CTX,gene:plasmid:153847,plasmid,0,0,3,1
CTX,gene:plasmid:153848,plasmid,0,0,3,1
CTX,gene:plasmid:153849,plasmid,0,0,3,1
CTX,gene:plasmid:153850,plasmid,0,0,3,1
CTX,gene:plasmid:153851,plasmid,0,0,3,1
CTX,gene:plasmid:153852,plasmid,0,0,3,1
CTX,gene:plasmid:153853,plasmid,0,0,3,1
CTX,gene:plasmid:153854,plasmid,0,0,3,1
CTX,gene:plasmid:153855,plasmid,0,0,3,1
CTX,gene:plasmid:153856,plasmid,0,0,3,1
CTX,gene:plasmid:153857,plasmid,0,0,3,1
CTX,gene:plasmid:153858,plasmid,0,0,3,1
CTX,gene:plasmid:153860,plasmid,0,0,3,1
CTX,gene:plasmid:153861,plasmid,0,0,3,1
CTX,gene:plasmid:153862,plasmid,0,0,3,1
CTX,gene:plasmid:153863,plasmid,0,0,3,1
CTX,gene:plasmid:153865,plasmid,0,0,3,1
CTX,gene:plasmid:153867,plasmid,0,0,3,1
CTX,gene:plasmid:153868,plasmid,0,0,3,1
CTX,gene:plasmid:153870,plasmid,0,0,3,1
CTX,gene:plasmid:153871,plasmid,0,0,3,1
CTX,gene:plasmid:153875,plasmid,0,0,3,1
CTX,gene:plasmid:153876,plasmid,0,0,3,1
CTX,gene:plasmid:153877,plasmid,0,0,3,1
CTX,gene:plasmid:153896,plasmid,0,0,3,1
CTX,gene:plasmid:153898,plasmid,0,0,3,1
CTX,gene:plasmid:153899,plasmid,0,0,3,1
CTX,gene:plasmid:153900,plasmid,0,0,3,1
CTX,gene:plasmid:153901,plasmid,0,0,3,1
CTX,gene:plasmid:153902,plasmid,0,0,3,1
CTX,gene:plasmid:153998,plasmid,0,0,3,1
CTX,gene:plasmid:153999,plasmid,0,0,3,1
CTX,gene:plasmid:154000,plasmid,0,0,3,1
CTX,gene:plasmid:154001,plasmid,0,0,3,1
CTX,gene:plasmid:154003,plasmid,0,0,3,1
CTX,gene:plasmid:154004,plasmid,0,0,3,1
CTX,gene:plasmid:154007,plasmid,0,0,3,1
CTX,gene:plasmid:154008,plasmid,0,0,3,1
CTX,gene:plasmid:154009,plasmid,0,0,3,1
CTX,gene:plasmid:154010,plasmid,0,0,3,1
CTX,gene:plasmid:154011,plasmid,0,0,3,1
CTX,gene:plasmid:154013,plasmid,0,0,3,1
CTX,gene:plasmid:154029,plasmid,0,0,3,1
CTX,gene:plasmid:154033,plasmid,0,0,3,1
CTX,gene:plasmid:154036,plasmid,0,0,3,1
CTX,gene:plasmid:154037,plasmid,0,0,3,1
CTX,gene:plasmid:154038,plasmid,0,0,3,1
CTX,gene:plasmid:154040,plasmid,0,0,3,1
CTX,gene:plasmid:154041,plasmid,0,0,3,1
CTX,gene:plasmid:154057,plasmid,0,0,3,1
CTX,gene:plasmid:154059,plasmid,0,0,3,1
CTX,gene:plasmid:154060,plasmid,0,0,3,1
CTX,gene:plasmid:154062,plasmid,0,0,3,1
CTX,gene:plasmid:154063,plasmid,0,1,0,1
CTX,gene:plasmid:154074,plasmid,0,0,3,1
CTX,gene:plasmid:154075,plasmid,0,0,3,1
CTX,gene:plasmid:154077,plasmid,0,0,3,1
CTX,gene:plasmid:154078,plasmid,0,0,3,1
CTX,gene:plasmid:154080,plasmid,0,0,3,1
CTX,gene:plasmid:154081,plasmid,0,0,3,1
CTX,gene:plasmid:154082,plasmid,0,0,3,1
CTX,gene:plasmid:154083,plasmid,0,0,3,1
CTX,gene:plasmid:154099,plasmid,0,0,3,1
CTX,gene:plasmid:154100,plasmid,0,0,3,1
CTX,gene:plasmid:154101,plasmid,0,0,3,1
CTX,gene:plasmid:154102,plasmid,0,0,3,1
CTX,gene:plasmid:154107,plasmid,0,0,3,1
CTX,gene:plasmid:154108,plasmid,0,0,3,1
CTX,gene:plasmid:154110,plasmid,0,0,3,1
CTX,gene:plasmid:154111,plasmid,0,0,3,1
CTX,gene:plasmid:154115,plasmid,0,0,3,1
CTX,gene:plasmid:154116,plasmid,0,0,3,1
CTX,gene:plasmid:154117,plasmid,0,0,3,1
CTX,gene:plasmid:154118,plasmid,0,0,3,1
CTX,gene:plasmid:154119,plasmid,0,0,3,1
CTX,gene:plasmid:154121,plasmid,0,0,3,1
CTX,gene:plasmid:154122,plasmid,0,0,3,1
CTX,gene:plasmid:154123,plasmid,0,0,3,1
CTX,gene:plasmid:154125,plasmid,0,0,3,1
CTX,gene:plasmid:155923,likely IS/TE,0,1,0,1
CTX,gene:plasmid:155994,likely IS/TE,0,0,1,1
CTX,gene:plasmid:155994,likely IS/TE,0,1,0,3
CTX,gene:plasmid:156035,plasmid,0,1,0,1
CTX,gene:plasmid:156047,plasmid,0,1,0,1
CTX,gene:plasmid:156052,plasmid,0,0,1,1
CTX,gene:plasmid:156052,plasmid,0,1,0,1
CTX,gene:plasmid:156128,plasmid,0,1,0,1
CTX,gene:plasmid:15709,likely IS/TE,0,0,3,1
CTX,gene:plasmid:157676,plasmid,0,1,0,1
CTX,gene:plasmid:15811,likely IS/TE,0,1,0,1
CTX,gene:plasmid:15988,plasmid,0,1,0,1
CTX,gene:plasmid:16003,likely IS/TE,0,1,0,1
CTX,gene:plasmid:19404,plasmid,0,1,0,1
CTX,gene:plasmid:19782,plasmid,0,1,0,1
CTX,gene:plasmid:24612,likely IS/TE,0,0,1,1
CTX,gene:plasmid:24613,plasmid,0,0,1,1
CTX,gene:plasmid:24642,plasmid,0,0,1,1
CTX,gene:plasmid:83613,plasmid,0,1,0,1
CTX,gene:plasmid:83661,likely IS/TE,0,0,1,1
CTX,gene:plasmid:87554,plasmid,0,1,0,1
CTX,gene:plasmid:88328,plasmid,0,1,0,1
CTX,gene:plasmid:88329,plasmid,0,1,0,1
CTX,gene:plasmid:88330,plasmid,0,1,0,1
CTX,gene:plasmid:88331,plasmid,0,1,0,1
CTX,gene:plasmid:88334,plasmid,0,1,0,1
CTX,gene:plasmid:88337,plasmid,0,1,0,1
CTX,gene:plasmid:88339,plasmid,0,1,0,1
CTX,gene:plasmid:88353,plasmid,0,1,0,1
CTX,gene:plasmid:88354,plasmid,0,1,0,1
CTX,gene:plasmid:88355,plasmid,0,1,0,1
CTX,gene:plasmid:88356,plasmid,0,1,0,1
CTX,gene:plasmid:88357,plasmid,0,1,0,1
CTX,gene:plasmid:88358,plasmid,0,1,0,1
CTX,gene:plasmid:88359,plasmid,0,1,0,1
CTX,gene:plasmid:88361,plasmid,0,1,0,1
CTX,gene:plasmid:88362,plasmid,0,1,0,1
CTX,gene:plasmid:88363,plasmid,0,1,0,1
CTX,gene:plasmid:88364,plasmid,0,1,0,1
CTX,gene:plasmid:88365,plasmid,0,1,0,1
CTX,gene:plasmid:88366,plasmid,0,1,0,1
CTX,gene:plasmid:88367,plasmid,0,1,0,1
CTX,gene:plasmid:88370,plasmid,0,1,0,1
CTX,gene:plasmid:88375,plasmid,0,1,0,1
CTX,gene:plasmid:88377,plasmid,0,1,0,1
CTX,gene:plasmid:88379,plasmid,0,1,0,2
CTX,gene:plasmid:88381,plasmid,0,1,0,1
CTX,gene:plasmid:88382,plasmid,0,1,0,2
CTX,gene:plasmid:88383,plasmid,0,1,0,2
CTX,gene:plasmid:88384,plasmid,0,1,0,2
CTX,gene:plasmid:88388,plasmid,0,1,0,2
CTX,gene:plasmid:88392,plasmid,0,1,0,1
CTX,gene:plasmid:88394,plasmid,0,1,0,1
CTX,gene:plasmid:88395,plasmid,0,1,0,1
CTX,gene:plasmid:88396,plasmid,0,1,0,1
CTX,gene:plasmid:88397,plasmid,0,1,0,2
CTX,gene:plasmid:88398,plasmid,0,1,0,2
CTX,gene:plasmid:88399,plasmid,0,1,0,1
CTX,gene:plasmid:88400,plasmid,0,1,0,1
CTX,gene:plasmid:88403,plasmid,0,1,0,1
CTX,gene:plasmid:88404,plasmid,0,1,0,1
CTX,gene:plasmid:88405,plasmid,0,1,0,1
CTX,gene:plasmid:88406,plasmid,0,1,0,1
CTX,gene:plasmid:88408,plasmid,0,1,0,2
CTX,gene:plasmid:88409,plasmid,0,1,0,1
CTX,gene:plasmid:88428,plasmid,0,1,0,1
CTX,gene:plasmid:88431,plasmid,0,0,3,1
CTX,gene:plasmid:88432,plasmid,0,0,3,1
CTX,gene:plasmid:88433,plasmid,0,0,3,1
CTX,gene:plasmid:88437,plasmid,0,1,0,1
CTX,gene:plasmid:88444,likely IS/TE,0,0,3,1
CTX,gene:plasmid:88445,likely IS/TE,0,1,0,2
CTX,gene:plasmid:88446,plasmid,0,1,0,2
CTX,gene:plasmid:88447,plasmid,0,1,0,4
CTX,gene:plasmid:88448,plasmid,0,1,0,4
CTX,gene:plasmid:88449,plasmid,0,1,0,3
CTX,gene:plasmid:88450,plasmid,0,1,0,2
CTX,gene:plasmid:88451,plasmid,0,1,0,2
CTX,gene:plasmid:88452,plasmid,0,1,0,2
CTX,gene:plasmid:88453,likely IS/TE,0,0,1,1
CTX,gene:plasmid:88453,likely IS/TE,0,1,0,3
CTX,gene:plasmid:88454,likely IS/TE,0,0,1,1
CTX,gene:plasmid:88454,likely IS/TE,0,1,0,2
CTX,gene:plasmid:88456,likely IS/TE,0,1,0,1
CTX,gene:plasmid:88457,likely IS/TE,0,1,0,1
CTX,gene:plasmid:88458,plasmid,0,1,0,1
CTX,gene:plasmid:88459,plasmid,0,1,0,1
CTX,gene:plasmid:91743,plasmid,0,1,0,1
CTX,gene:plasmid:91745,plasmid,0,1,0,1
CTX,gene:plasmid:91747,plasmid,0,1,0,2
CTX,gene:plasmid:91748,plasmid,0,1,0,1
CTX,gene:plasmid:91749,plasmid,0,1,0,2
CTX,gene:plasmid:91760,plasmid,0,0,1,1
CTX,gene:plasmid:91761,likely IS/TE,0,0,1,1
CTX,gene:plasmid:91763,plasmid,0,0,1,1
CTX,gene:plasmid:91771,plasmid,0,1,0,1
CTX,gene:plasmid:91772,plasmid,0,1,0,1
CTX,gene:plasmid:91773,plasmid,0,1,0,1
CTX,gene:plasmid:91774,plasmid,0,1,0,1
CTX,gene:plasmid:91775,plasmid,0,1,0,1
CTX,gene:plasmid:91776,plasmid,0,1,0,1
CTX,gene:plasmid:91784,plasmid,0,1,0,1
CTX,gene:plasmid:91786,plasmid,0,1,0,1
CTX,gene:plasmid:91833,plasmid,0,1,0,1
CTX,gene:plasmid:92065,plasmid,0,1,0,1
CTX,gene:plasmid:92066,plasmid,0,1,0,1
CTX,gene:plasmid:92068,plasmid,0,1,0,1
CTX,gene:plasmid:92070,plasmid,0,1,0,1
CTX,gene:plasmid:92071,plasmid,0,1,0,1
CTX,gene:plasmid:92072,plasmid,0,1,0,1
CTX,gene:plasmid:92073,plasmid,0,1,0,1
CTX,gene:plasmid:92074,plasmid,0,1,0,1
CTX,gene:plasmid:92075,plasmid,0,1,0,1
CTX,gene:plasmid:92076,plasmid,0,1,0,1
CTX,gene:plasmid:92090,plasmid,0,1,0,1
CTX,gene:plasmid:92091,plasmid,0,1,0,1
CTX,gene:plasmid:92092,plasmid,0,1,0,2
CTX,gene:plasmid:92093,plasmid,0,1,0,2
CTX,gene:plasmid:92094,plasmid,0,1,0,1
CTX,gene:plasmid:92098,plasmid,0,1,0,2
CTX,gene:plasmid:92099,plasmid,0,1,0,2
CTX,gene:plasmid:92100,plasmid,0,1,0,2
CTX,gene:plasmid:92101,plasmid,0,1,0,1
CTX,gene:plasmid:92102,plasmid,0,1,0,2
CTX,gene:plasmid:92103,plasmid,0,1,0,2
CTX,gene:plasmid:92107,plasmid,0,1,0,2
CTX,gene:plasmid:92108,plasmid,0,1,0,2
CTX,gene:plasmid:92109,plasmid,0,1,0,2
CTX,gene:plasmid:92110,plasmid,0,1,0,2
CTX,gene:plasmid:92112,plasmid,0,1,0,1
CTX,gene:plasmid:92113,plasmid,0,1,0,1
CTX,gene:plasmid:92114,plasmid,0,1,0,1
CTX,gene:plasmid:92115,plasmid,0,1,0,2
CTX,gene:plasmid:92116,plasmid,0,1,0,1
CTX,gene:plasmid:92117,plasmid,0,1,0,2
CTX,gene:plasmid:92119,plasmid,0,1,0,1
CTX,gene:plasmid:92120,plasmid,0,1,0,1
CTX,gene:plasmid:92123,plasmid,0,1,0,1
CTX,gene:plasmid:92124,plasmid,0,1,0,2
CTX,gene:plasmid:92125,plasmid,0,1,0,1
CTX,gene:plasmid:92129,plasmid,0,1,0,2
CTX,gene:plasmid:92130,plasmid,0,1,0,2
CTX,gene:plasmid:92131,plasmid,0,1,0,2
CTX,gene:plasmid:92133,plasmid,0,1,0,1
CTX,gene:plasmid:92140,plasmid,0,0,1,1
CTX,gene:plasmid:92142,likely IS/TE,0,0,1,1
CTX,gene:proph:159076,prophage,0,0,3,1
CTX,gene:proph:163802,prophage,0,0,3,1
CTX,gene:proph:163803,prophage,0,0,3,1
CTX,gene:proph:163814,prophage,0,0,3,1
CTX,gene:proph:163817,prophage,0,0,3,1
CTX,gene:proph:163818,prophage,0,0,3,1
CTX,gene:proph:163832,prophage,0,0,3,1
CTX,gene:proph:163845,prophage,0,0,3,1
CTX,gene:proph:163860,prophage,0,0,3,1
CTX,gene:proph:163909,likely IS/TE,0,1,0,1
CTX,gene:proph:172526,prophage,0,0,1,1
CTX,gene:proph:172529,prophage,0,0,1,1
CTX,gene:proph:172532,prophage,0,0,1,1
CTX,gene:proph:177446,prophage,0,0,1,1
CTX,gene:proph:177447,prophage,0,0,1,1
CTX,gene:proph:177621,prophage,0,0,3,1
CTX,gene:proph:181318,prophage,0,0,3,1
CTX,gene:proph:181321,prophage,0,0,3,1
CTX,gene:proph:181322,prophage,0,0,3,1
CTX,gene:proph:183012,prophage,0,1,0,1
CTX,gene:proph:183644,prophage,0,0,3,1
CTX,gene:proph:184574,prophage,0,0,1,1
CTX,gene:proph:184664,prophage,0,0,1,1
CTX,gene:vir:108727,virus,0,1,0,1
CTX,gene:vir:108728,virus,0,1,0,1
CTX,gene:vir:166,virus,0,0,3,1
CTX,gene:vir:2046,virus,0,0,3,1
CTX,gene:vir:2047,virus,0,0,3,1
CTX,gene:vir:2050,virus,0,0,3,1
CTX,gene:vir:2051,virus,0,0,3,1
CTX,gene:vir:5718,virus,0,0,3,1
CUID,gene:plasmid:21346,plasmid,0,0,1,1
CUID,gene:plasmid:21346,plasmid,0,0,3,1
CUID,gene:plasmid:21346,plasmid,0,1,0,3
CUSA,gene:plasmid:155923,likely IS/TE,0,1,0,2
CUSA,gene:plasmid:156042,likely IS/TE,0,1,0,2
CUSA,gene:plasmid:93495,plasmid,0,1,0,2
CUSA,gene:proph:170529,prophage,0,1,0,1
CUSA,gene:proph:170540,prophage,0,1,0,1
CUSA,gene:proph:179201,prophage,0,1,0,1
CUSA,gene:proph:179208,prophage,0,1,0,1
CUSA,gene:vir:507,virus,0,1,0,1
CUSB,gene:plasmid:133420,plasmid,0,1,0,1
CUSB,gene:plasmid:142025,likely IS/TE,0,1,0,1
CUSB,gene:plasmid:155923,likely IS/TE,0,1,0,2
CUSB,gene:plasmid:156042,likely IS/TE,0,1,0,1
CUSB,gene:plasmid:93495,plasmid,0,1,0,2
CUSC,gene:proph:183637,prophage,0,0,1,1
CUSC,gene:proph:183637,prophage,0,1,0,2
CUSR,gene:plasmid:117449,likely IS/TE,0,0,1,2
CUSR,gene:plasmid:117449,likely IS/TE,0,0,3,1
CUSR,gene:plasmid:151280,likely IS/TE,0,0,1,1
CUSR,gene:plasmid:88436,plasmid,0,0,3,1
CUSR,gene:plasmid:88437,plasmid,0,0,3,1
CUSR,gene:plasmid:93495,plasmid,0,0,1,1
CUSR,gene:proph:183637,prophage,0,0,3,1
CUTA,gene:plasmid:15768,likely IS/TE,0,1,0,1
CUTA,gene:proph:159040,prophage,0,0,3,1
CUTA,gene:proph:159043,prophage,0,0,3,1
CUTA,gene:proph:177429,prophage,0,0,3,1
CUTA,gene:proph:179486,prophage,0,0,3,1
CUTA,gene:proph:181075,prophage,0,0,3,1
CUTA,gene:proph:181080,prophage,0,0,3,1
CUTA,gene:proph:181081,prophage,0,0,3,1
CUTA,gene:proph:181082,prophage,0,0,3,1
CUTA,gene:proph:181083,prophage,0,0,3,1
CUTA,gene:proph:181084,prophage,0,0,3,1
CUTA,gene:proph:181095,prophage,0,0,3,1
CUTA,gene:proph:181113,prophage,0,0,3,1
CUTA,gene:proph:181155,prophage,0,0,3,1
CUTA,gene:proph:183549,prophage,0,0,3,1
CUTA,gene:proph:183551,prophage,0,0,3,1
CUTA,gene:proph:183635,prophage,0,0,3,1
CUTA,gene:vir:4454,virus,0,0,3,1
CUTA,gene:vir:4507,virus,0,0,3,1
CUTA,gene:vir:4515,virus,0,0,3,1
CUTA,gene:vir:4516,virus,0,0,3,1
CUTA,gene:vir:4518,virus,0,0,3,1
CUTA,gene:vir:4523,virus,0,0,3,1
CUTA,gene:vir:4525,virus,0,0,3,1
CUTA,gene:vir:4536,virus,0,0,3,1
CUTA,gene:vir:4539,virus,0,0,3,1
CUTA,gene:vir:4542,virus,0,0,3,1
CUTA,gene:vir:4546,virus,0,0,3,1
CUTA,gene:vir:4555,virus,0,0,3,1
CUTA,gene:vir:4556,virus,0,0,3,1
CUTA,gene:vir:4557,virus,0,0,3,1
CUTA,gene:vir:4558,virus,0,0,3,1
CUTA,gene:vir:4559,virus,0,0,3,1
CUTA,gene:vir:79530,virus,0,0,3,1
CUTA,gene:vir:79547,virus,0,0,3,1
CUTA,gene:vir:79551,virus,0,0,3,1
CUTA,gene:vir:79552,virus,0,0,3,1
CUTA,gene:vir:79564,virus,0,0,3,1
CUTA,gene:vir:79582,virus,0,0,3,1
CUTC,gene:plasmid:15811,likely IS/TE,0,1,0,1
CUTC,gene:plasmid:88444,likely IS/TE,0,1,0,1
CUTC,gene:proph:163858,prophage,0,0,1,1
CUTC,gene:proph:163874,prophage,0,0,3,1
CUTC,gene:proph:163885,prophage,0,0,3,1
CUTC,gene:proph:163896,prophage,0,0,3,1
CUTC,gene:proph:163918,prophage,0,0,1,1
CUTC,gene:proph:163928,prophage,0,0,1,1
CUTC,gene:proph:163928,prophage,0,0,3,1
CUTC,gene:proph:163934,prophage,0,0,1,1
CUTC,gene:proph:163935,prophage,0,0,1,1
CUTC,gene:proph:163947,prophage,0,0,1,1
CUTC,gene:proph:169106,prophage,0,0,1,1
CUTC,gene:proph:169107,prophage,0,0,1,1
CUTC,gene:proph:169109,prophage,0,0,1,1
CUTC,gene:proph:172429,prophage,0,0,1,1
CUTC,gene:proph:172441,prophage,0,0,1,1
CUTC,gene:proph:172443,prophage,0,0,1,1
CUTC,gene:proph:172550,prophage,0,0,1,1
CUTC,gene:proph:172557,prophage,0,0,1,1
CUTC,gene:proph:173951,prophage,0,0,1,1
CUTC,gene:proph:176709,prophage,0,0,1,1
CUTC,gene:proph:176722,prophage,0,0,1,1
CUTC,gene:proph:176723,prophage,0,0,1,1
CUTC,gene:proph:176724,prophage,0,0,1,1
CUTC,gene:proph:176727,prophage,0,0,1,1
CUTC,gene:proph:176732,prophage,0,0,1,1
CUTC,gene:proph:176799,prophage,0,0,1,1
CUTC,gene:proph:176800,prophage,0,0,1,1
CUTC,gene:proph:176804,prophage,0,0,1,1
CUTC,gene:proph:176810,prophage,0,0,1,1
CUTC,gene:proph:176811,prophage,0,0,1,1
CUTC,gene:proph:176814,prophage,0,0,1,1
CUTC,gene:proph:177482,prophage,0,0,1,1
CUTC,gene:proph:177484,prophage,0,0,1,1
CUTC,gene:proph:177498,prophage,0,0,1,1
CUTC,gene:proph:177500,prophage,0,0,1,1
CUTC,gene:proph:177584,prophage,0,0,1,1
CUTC,gene:proph:179244,prophage,0,0,1,1
CUTC,gene:proph:179440,prophage,0,0,1,1
CUTC,gene:proph:181134,prophage,0,0,1,1
CUTC,gene:proph:181136,prophage,0,0,1,1
CUTC,gene:proph:181137,prophage,0,0,1,1
CUTC,gene:proph:181145,prophage,0,0,1,1
CUTC,gene:proph:181296,prophage,0,0,1,1
CUTC,gene:proph:182918,prophage,0,0,1,1
CUTC,gene:proph:183581,prophage,0,0,1,1
CUTC,gene:proph:183581,prophage,0,0,3,2
CUTC,gene:proph:183581,prophage,0,1,0,1
CUTC,gene:vir:108417,virus,0,0,1,1
CUTC,gene:vir:108421,virus,0,0,1,1
CUTC,gene:vir:1321,virus,0,0,1,1
CUTC,gene:vir:79536,virus,0,0,1,1
DFRA,gene:plasmid:158595,plasmid,0,0,3,1
DFRA,gene:plasmid:19639,plasmid,0,0,3,1
DFRA,gene:plasmid:87421,plasmid,0,0,3,2
DFRE,gene:proph:183651,prophage,0,1,0,1
DFRE,gene:proph:183652,prophage,0,1,0,1
DFRE,gene:proph:183653,prophage,0,1,0,1
DFRE,gene:proph:183654,prophage,0,1,0,1
DFRE,gene:proph:183655,prophage,0,1,0,1
DFRE,gene:proph:183656,prophage,0,1,0,1
DFRE,gene:proph:183657,prophage,0,1,0,1
DFRE,gene:proph:183658,prophage,0,1,0,1
DFRE,gene:proph:183659,prophage,0,1,0,1
DFRE,gene:proph:183660,prophage,0,1,0,1
DFRE,gene:proph:183661,prophage,0,1,0,1
DFRE,gene:proph:183662,prophage,0,1,0,1
DFRE,gene:proph:183663,prophage,0,1,0,1
DFRE,gene:proph:183664,prophage,0,1,0,1
DFRE,gene:proph:183665,prophage,0,1,0,1
DFRE,gene:proph:183666,prophage,0,1,0,1
DFRE,gene:proph:183667,prophage,0,1,0,1
DFRE,gene:proph:183668,prophage,0,1,0,1
DFRE,gene:proph:183779,prophage,0,1,0,1
DHA,gene:plasmid:158838,plasmid,0,0,1,1
DHA,gene:plasmid:158860,plasmid,0,0,1,1
DHA,gene:plasmid:87420,plasmid,0,0,1,1
DHA,gene:plasmid:87421,plasmid,0,0,1,1
DNAK,gene:plasmid:111621,plasmid,0,0,3,1
DNAK,gene:plasmid:158140,plasmid,0,0,1,1
DSBA,gene:plasmid:149414,plasmid,0,1,0,1
DSBA,gene:plasmid:157741,plasmid,0,0,1,2
DSBA,gene:plasmid:16162,plasmid,0,0,1,1
DSBA,gene:plasmid:16162,plasmid,0,0,3,3
DSBA,gene:plasmid:16162,plasmid,0,1,0,2
DSBA,gene:plasmid:84585,plasmid,0,0,1,2
DSBA,gene:plasmid:84585,plasmid,0,0,3,1
DSBA,gene:plasmid:84585,plasmid,0,1,1,1
DSBA,gene:proph:163807,prophage,0,1,0,1
DSBA,gene:proph:163814,prophage,0,1,0,1
DSBA,gene:proph:163815,prophage,0,0,1,1
DSBA,gene:vir:2046,virus,0,0,1,1
DSBA,gene:vir:2046,virus,0,1,0,1
DSBA,gene:vir:2050,virus,0,1,0,1
DSBA,gene:vir:5691,virus,0,1,0,1
DSBA,gene:vir:5692,virus,0,1,0,1
DSBA,gene:vir:5718,virus,0,0,1,1
DSBA,gene:vir:5719,virus,0,0,1,1
DSBA,gene:vir:5719,virus,0,1,0,1
DSBA,gene:vir:5720,virus,0,0,1,1
DSBA,gene:vir:5720,virus,0,1,0,1
DSBA,gene:vir:5721,virus,0,0,1,1
DSBA,gene:vir:5721,virus,0,1,0,1
DSBA,gene:vir:5723,virus,0,0,1,1
DSBA,gene:vir:5723,virus,0,1,0,1
DSBA,gene:vir:5725,virus,0,0,1,1
DSBA,gene:vir:5725,virus,0,1,0,1
DSBA,gene:vir:5727,virus,0,1,0,1
DSBA,pENTAS02_1__CP003028,replicon,0,1,0,1
DSBC,gene:plasmid:114080,likely IS/TE,0,0,3,1
DSBC,gene:plasmid:114251,likely IS/TE,0,0,3,1
DSBC,gene:plasmid:114252,likely IS/TE,0,0,3,1
DSBC,gene:plasmid:142025,likely IS/TE,0,1,0,1
DSBC,gene:plasmid:142103,likely IS/TE,0,1,0,1
DSBC,gene:plasmid:151300,likely IS/TE,0,0,1,1
DSBC,gene:plasmid:151309,likely IS/TE,0,0,3,1
DSBC,gene:plasmid:24693,plasmid,0,1,0,1
DSBC,gene:plasmid:84614,likely IS/TE,0,0,1,1
DSBC,gene:plasmid:84622,likely IS/TE,0,0,1,1
DSBC,gene:plasmid:93482,plasmid,0,0,3,1
DSBC,gene:plasmid:93482,plasmid,0,1,0,1
EFMA,gene:plasmid:136829,plasmid,0,1,0,1
EFMA,gene:plasmid:136837,plasmid,0,1,0,1
EFMA,gene:plasmid:19765,plasmid,0,0,1,1
EFMA,gene:plasmid:19765,plasmid,0,1,0,2
EMEA,gene:proph:183651,prophage,0,0,3,1
EMEA,gene:proph:183652,prophage,0,0,3,1
EMEA,gene:proph:183653,prophage,0,0,3,1
EMEA,gene:proph:183654,prophage,0,0,3,1
EMEA,gene:proph:183655,prophage,0,0,3,1
EMEA,gene:proph:183656,prophage,0,0,3,1
EMEA,gene:proph:183657,prophage,0,0,3,1
EMEA,gene:proph:183658,prophage,0,0,3,1
EMEA,gene:proph:183659,prophage,0,0,3,1
EMEA,gene:proph:183660,prophage,0,0,3,1
EMEA,gene:proph:183661,prophage,0,0,3,1
EMEA,gene:proph:183662,prophage,0,0,3,1
EMEA,gene:proph:183663,prophage,0,0,3,1
EMEA,gene:proph:183664,prophage,0,0,3,1
EMEA,gene:proph:183665,prophage,0,0,3,1
EMEA,gene:proph:183666,prophage,0,0,3,1
EMEA,gene:proph:183667,prophage,0,0,3,1
EMEA,gene:proph:183668,prophage,0,0,3,1
EMMDR,gene:plasmid:157743,likely IS/TE,0,1,0,1
EMMDR,gene:plasmid:93439,plasmid,0,1,0,1
EMMDR,gene:plasmid:93469,plasmid,0,1,0,1
EMMDR,gene:plasmid:93508,plasmid,0,1,0,1
EMMDR,gene:plasmid:93509,plasmid,0,1,0,1
EMMDR,gene:proph:164865,prophage,0,1,0,1
EMMDR,gene:proph:179346,prophage,0,1,0,1
EMMDR,gene:proph:179459,prophage,0,1,0,1
EMMDR,gene:proph:181317,prophage,0,1,0,1
EMMDR,gene:vir:105083,virus,0,1,0,1
EMRB,gene:plasmid:21336,plasmid,0,1,0,1
EMRK,gene:proph:177439,prophage,0,0,1,1
EMRK,gene:proph:177440,prophage,0,0,1,1
EMRK,gene:proph:177441,prophage,0,0,1,1
EMRK,gene:proph:177442,prophage,0,0,1,1
EMRK,gene:proph:181032,prophage,0,0,1,1
EMRK,gene:proph:181033,prophage,0,0,1,1
EMRK,gene:proph:181034,prophage,0,0,1,1
EMRR,gene:plasmid:20177,plasmid,0,1,0,1
EMRR,gene:plasmid:84614,likely IS/TE,0,0,3,1
EMRR,gene:plasmid:84614,likely IS/TE,0,1,0,1
EMRR,gene:plasmid:84622,likely IS/TE,0,0,3,1
EMRR,gene:plasmid:84622,likely IS/TE,0,1,0,1
EMRR,gene:plasmid:88431,plasmid,0,0,1,1
EMRR,gene:plasmid:88432,plasmid,0,0,1,1
EMRR,gene:plasmid:88433,plasmid,0,0,1,1
EMRR,gene:plasmid:88447,plasmid,0,0,1,1
EMRR,gene:plasmid:88448,plasmid,0,0,1,1
EMRR,gene:plasmid:93474,plasmid,0,0,1,1
EMRR,gene:plasmid:93474,plasmid,0,1,0,1
EMRR,gene:plasmid:93482,plasmid,0,0,1,1
EMRR,gene:plasmid:93482,plasmid,0,1,0,1
EMRR,gene:proph:183000,prophage,0,0,1,1
EMRR,gene:proph:183012,prophage,0,0,1,1
EMRR,gene:vir:108429,virus,0,0,1,1
EMRR,gene:vir:108435,virus,0,0,1,1
EMRR,gene:vir:1849,virus,0,0,1,1
EMRR,gene:vir:1854,virus,0,0,1,1
EMRR,gene:vir:1857,virus,0,0,1,1
EMRR,gene:vir:1869,virus,0,0,1,1
EMRR,gene:vir:5693,virus,0,0,1,1
EMRR,gene:vir:6074,virus,0,0,1,1
EMRR,gene:vir:6079,virus,0,0,1,1
EMRR,gene:vir:6085,virus,0,0,1,1
EMRR,gene:vir:98549,virus,0,0,1,1
EMRR,gene:vir:98550,virus,0,0,1,1
EMRY,gene:proph:181243,prophage,0,1,0,1
EPTA,gene:plasmid:91925,plasmid,0,1,0,1
EPTA,gene:plasmid:91985,plasmid,0,1,0,1
EPTB,gene:plasmid:85992,plasmid,0,1,0,1
EPTB,gene:plasmid:86276,plasmid,0,1,0,1
ERMB,gene:plasmid:135653,plasmid,0,1,0,1
ERMB,gene:plasmid:136912,plasmid,0,0,1,3
ERMB,gene:plasmid:136912,plasmid,0,0,3,1
ERMB,gene:plasmid:136912,plasmid,1,0,3,1
ERMB,gene:plasmid:136912,plasmid,1,1,3,1
ERMB,gene:plasmid:15542,plasmid,0,0,1,3
ERMB,gene:plasmid:15542,plasmid,1,0,3,1
ERMB,gene:plasmid:15542,plasmid,1,1,3,1
ERMB,gene:plasmid:15632,likely IS/TE,0,0,1,1
ERMB,gene:plasmid:156386,plasmid,0,0,3,1
ERMB,gene:plasmid:15665,likely IS/TE,0,0,1,1
ERMB,gene:plasmid:17097,plasmid,0,0,1,1
ERMB,gene:plasmid:17097,plasmid,0,0,3,3
ERMB,gene:plasmid:28967,plasmid,1,0,3,1
ERMB,gene:plasmid:28968,plasmid,0,0,1,3
ERMB,gene:plasmid:28968,plasmid,1,0,3,2
ERMB,rep7a_8_ORF11(pRE25)_X92945,replicon,0,1,0,1
ERMF,gene:plasmid:13202,plasmid,1,0,3,1
ERMF,gene:plasmid:133364,plasmid,1,0,3,1
ERMF,gene:plasmid:133366,plasmid,1,0,3,1
ERMF,gene:plasmid:133367,plasmid,1,0,3,1
ERMF,gene:plasmid:133368,plasmid,1,0,3,1
ERMF,gene:plasmid:133373,plasmid,1,0,3,1
ERMF,gene:plasmid:133374,plasmid,1,0,3,1
ERMF,gene:plasmid:133377,plasmid,1,0,3,1
ERMF,gene:plasmid:133383,plasmid,1,0,3,1
ERMF,gene:plasmid:133384,plasmid,1,0,3,1
ERMF,gene:plasmid:133385,plasmid,1,0,3,1
ERMF,gene:plasmid:133388,plasmid,1,0,3,1
ERMF,gene:plasmid:133394,plasmid,1,0,3,1
ERMF,gene:plasmid:133396,plasmid,1,0,3,1
ERMF,gene:plasmid:133400,plasmid,1,0,3,1
ERMF,gene:plasmid:133402,plasmid,1,0,3,1
ERMF,gene:plasmid:141421,plasmid,1,0,3,1
ERMX,gene:plasmid:14930,likely IS/TE,0,0,1,1
ERMX,gene:plasmid:14955,likely IS/TE,1,0,3,1
EVGA,gene:plasmid:134726,plasmid,0,0,1,2
EVGA,gene:plasmid:134726,plasmid,0,0,3,3
EVGA,gene:plasmid:134726,plasmid,0,1,0,2
EVGA,gene:plasmid:134726,plasmid,0,1,3,1
EVGA,gene:plasmid:88410,likely IS/TE,0,1,0,1
EVGA,gene:proph:163981,prophage,0,0,3,2
EVGA,gene:proph:163981,prophage,0,1,0,1
EVGA,gene:proph:176836,prophage,0,0,3,1
EVGA,gene:proph:176844,prophage,0,0,3,1
EVGA,gene:proph:176850,prophage,0,0,3,1
EVGA,gene:proph:176852,prophage,0,0,3,1
EVGA,gene:proph:176860,prophage,0,0,3,1
EVGA,gene:proph:176866,prophage,0,0,3,1
EVGA,gene:proph:176871,prophage,0,0,3,1
EVGA,gene:proph:176891,prophage,0,0,3,1
EVGA,gene:proph:176892,prophage,0,0,3,1
EVGA,gene:proph:176893,prophage,0,0,3,1
EVGA,gene:proph:177459,prophage,0,0,1,1
EVGA,gene:proph:181203,prophage,0,0,3,1
EVGA,gene:proph:181242,prophage,0,0,1,1
EVGA,gene:proph:181243,prophage,0,0,1,2
EVGA,gene:proph:181243,prophage,0,0,3,1
EVGA,gene:proph:181245,prophage,0,0,3,1
EVGA,gene:proph:181257,prophage,0,0,3,1
EVGA,gene:proph:181258,prophage,0,0,3,1
EVGA,gene:proph:181259,prophage,0,0,3,1
EVGA,gene:proph:181266,prophage,0,0,3,1
EVGA,gene:proph:181284,prophage,0,0,3,1
EVGA,gene:proph:181285,prophage,0,0,3,1
EVGA,gene:proph:181287,prophage,0,0,3,1
EVGA,gene:proph:181322,prophage,0,0,3,1
EVGA,gene:proph:182641,prophage,0,0,1,1
EVGA,gene:proph:182641,prophage,0,0,3,1
EVGA,gene:proph:182647,prophage,0,0,1,2
EVGA,gene:proph:182647,prophage,0,0,3,1
EVGA,gene:proph:182649,prophage,0,0,1,2
EVGA,gene:proph:182991,prophage,0,0,3,1
EVGA,gene:proph:183009,prophage,0,0,3,1
EVGA,gene:proph:183029,prophage,0,0,3,1
EVGA,gene:proph:183030,prophage,0,0,3,1
EVGA,gene:proph:183041,prophage,0,0,1,1
EVGA,gene:proph:183043,prophage,0,0,3,1
EVGA,gene:proph:183583,prophage,0,0,1,2
EVGA,gene:proph:183583,prophage,0,0,3,2
EVGA,gene:proph:183583,prophage,0,1,0,1
EVGA,gene:proph:183597,prophage,0,0,1,2
EVGA,gene:proph:183597,prophage,0,0,3,2
EVGA,gene:proph:183597,prophage,0,1,0,1
EVGA,gene:proph:183629,prophage,0,0,3,1
EVGA,gene:proph:184642,prophage,0,0,1,1
EVGA,gene:proph:184642,prophage,0,1,0,1
EVGA,gene:proph:184644,prophage,0,0,1,1
EVGA,gene:proph:184644,prophage,0,0,3,1
EVGA,gene:proph:184644,prophage,0,1,0,1
EVGA,gene:vir:104379,virus,0,0,3,1
EVGA,gene:vir:105377,virus,0,0,3,1
EVGA,gene:vir:105389,virus,0,0,3,1
EVGA,gene:vir:105392,virus,0,0,3,1
EVGA,gene:vir:105401,virus,0,0,3,1
EVGA,gene:vir:105414,virus,0,0,3,1
EVGA,gene:vir:105420,virus,0,0,3,1
EVGA,gene:vir:105428,virus,0,0,3,1
EVGA,gene:vir:105726,virus,0,0,3,1
EVGA,gene:vir:105727,virus,0,0,3,1
EVGA,gene:vir:105728,virus,0,0,3,1
EVGA,gene:vir:108717,virus,0,0,3,1
EVGA,gene:vir:108718,virus,0,0,3,1
EVGA,gene:vir:150,virus,0,0,3,1
EVGA,gene:vir:179,virus,0,0,3,1
EVGA,gene:vir:1917,virus,0,0,3,1
EVGA,gene:vir:2101,virus,0,0,3,1
EVGA,gene:vir:240,virus,0,0,3,1
EVGA,gene:vir:3472,virus,0,0,3,1
EVGA,gene:vir:7156,virus,0,0,1,1
EVGA,gene:vir:7156,virus,0,0,3,2
FABI,gene:proph:159074,prophage,0,1,0,1
FABI,gene:proph:163918,prophage,0,1,0,1
FABI,gene:proph:163929,prophage,0,1,0,1
FABI,gene:proph:163930,prophage,0,1,0,1
FABI,gene:proph:163931,prophage,0,1,0,1
FABI,gene:proph:163934,prophage,0,1,0,1
FABI,gene:proph:163935,prophage,0,1,0,1
FABI,gene:proph:163937,prophage,0,1,0,1
FABI,gene:proph:163944,prophage,0,1,0,1
FABI,gene:proph:163947,prophage,0,1,0,1
FABI,gene:proph:169106,prophage,0,1,0,1
FABI,gene:proph:169115,prophage,0,1,0,1
FABI,gene:proph:172440,prophage,0,1,0,1
FABI,gene:proph:172550,prophage,0,1,0,1
FABI,gene:proph:172581,prophage,0,1,0,1
FABI,gene:proph:172582,prophage,0,1,0,1
FABI,gene:proph:172602,prophage,0,1,0,1
FABI,gene:proph:176772,prophage,0,1,0,1
FABI,gene:proph:176785,prophage,0,1,0,1
FABI,gene:proph:176786,prophage,0,1,0,1
FABI,gene:proph:176788,prophage,0,1,0,1
FABI,gene:proph:176789,prophage,0,1,0,1
FABI,gene:proph:176794,prophage,0,1,0,1
FABI,gene:proph:177498,prophage,0,1,0,1
FABI,gene:proph:177500,prophage,0,1,0,1
FABI,gene:proph:177501,prophage,0,1,0,1
FABI,gene:proph:177511,prophage,0,1,0,1
FABI,gene:proph:177595,prophage,0,1,0,1
FABI,gene:proph:177598,prophage,0,1,0,1
FABI,gene:proph:177628,prophage,0,1,0,1
FABI,gene:proph:177629,prophage,0,1,0,1
FABI,gene:proph:177630,prophage,0,1,0,1
FABI,gene:proph:177631,prophage,0,1,0,1
FABI,gene:proph:179433,prophage,0,0,3,1
FABI,gene:proph:179440,prophage,0,1,0,1
FABI,gene:proph:181179,prophage,0,1,0,1
FABI,gene:proph:181180,prophage,0,1,0,1
FABI,gene:proph:181182,prophage,0,1,0,1
FABI,gene:proph:181184,prophage,0,1,0,1
FABI,gene:proph:181300,prophage,0,1,0,1
FABI,gene:proph:183636,prophage,0,0,3,2
FABI,gene:proph:183637,prophage,0,0,3,2
FABI,gene:proph:183637,prophage,0,1,0,1
FABI,gene:vir:104392,virus,0,1,0,1
FABI,gene:vir:104414,virus,0,1,0,1
FABI,gene:vir:104416,virus,0,1,0,1
FABI,gene:vir:108421,virus,0,1,0,1
FABI,gene:vir:108646,virus,0,1,0,1
FABI,gene:vir:1321,virus,0,0,3,1
FABI,gene:vir:1321,virus,1,0,3,1
FABI,gene:vir:3434,virus,0,1,0,1
FABI,gene:vir:469,virus,0,1,0,1
FABI,gene:vir:8777,virus,0,1,0,1
FABI,gene:vir:95268,virus,0,1,0,1
FECD,gene:plasmid:117481,likely IS/TE,0,0,1,1
FECD,gene:plasmid:117483,likely IS/TE,0,0,1,1
FECD,gene:plasmid:121458,likely IS/TE,0,0,1,1
FECD,gene:plasmid:121879,likely IS/TE,0,0,1,1
FECD,gene:plasmid:121888,likely IS/TE,0,1,0,3
FECD,gene:plasmid:141976,likely IS/TE,0,0,1,1
FECD,gene:plasmid:142025,likely IS/TE,0,0,1,1
FECD,gene:plasmid:142025,likely IS/TE,0,0,3,1
FECD,gene:plasmid:142025,likely IS/TE,1,0,3,1
FECD,gene:plasmid:142074,likely IS/TE,0,1,0,1
FECD,gene:plasmid:151266,likely IS/TE,0,0,1,1
FECD,gene:plasmid:151269,plasmid,0,0,1,1
FECD,gene:plasmid:151295,plasmid,0,0,1,1
FECD,gene:plasmid:151322,plasmid,0,0,1,1
FECD,gene:plasmid:151323,plasmid,0,0,1,1
FECD,gene:plasmid:155983,plasmid,0,0,3,1
FECD,gene:plasmid:155983,plasmid,0,1,0,2
FECD,gene:plasmid:155991,plasmid,0,0,3,1
FECD,gene:plasmid:155991,plasmid,0,1,0,2
FECD,gene:plasmid:155994,likely IS/TE,0,1,0,1
FECD,gene:plasmid:156052,plasmid,0,0,1,5
FECD,gene:plasmid:156052,plasmid,0,1,0,6
FECD,gene:plasmid:156052,plasmid,0,1,1,3
FECD,gene:plasmid:156052,plasmid,0,1,3,2
FECD,gene:plasmid:156052,plasmid,1,0,3,2
FECD,gene:plasmid:156832,likely IS/TE,0,1,0,2
FECD,gene:plasmid:15993,likely IS/TE,0,1,0,1
FECD,gene:plasmid:15994,likely IS/TE,0,1,0,2
FECD,gene:plasmid:24510,likely IS/TE,0,0,1,1
FECD,gene:plasmid:25392,likely IS/TE,0,0,1,1
FECD,gene:plasmid:25689,likely IS/TE,0,0,1,2
FECD,gene:plasmid:25689,likely IS/TE,0,1,0,2
FECD,gene:plasmid:30743,likely IS/TE,0,1,0,1
FECD,gene:plasmid:88328,plasmid,0,0,1,1
FECD,gene:plasmid:88329,plasmid,0,0,1,1
FECD,gene:plasmid:88409,plasmid,0,0,3,1
FECD,gene:plasmid:88409,plasmid,0,1,0,3
FECD,gene:plasmid:88435,plasmid,0,1,0,3
FECD,gene:plasmid:88436,plasmid,0,0,3,1
FECD,gene:plasmid:88436,plasmid,0,1,0,2
FECD,gene:plasmid:88437,plasmid,0,1,0,5
FECD,gene:plasmid:88447,plasmid,0,1,0,1
FECD,gene:plasmid:88448,plasmid,0,1,0,1
FECD,gene:plasmid:88454,likely IS/TE,0,1,0,1
FECD,gene:plasmid:91925,plasmid,0,1,0,1
FECD,gene:plasmid:91985,plasmid,0,1,0,1
FECD,gene:proph:161537,prophage,0,0,3,1
FECD,gene:proph:163818,prophage,0,0,3,1
FECD,gene:proph:163834,likely IS/TE,0,1,0,1
FECD,gene:proph:163873,prophage,0,0,3,1
FECD,gene:proph:163873,prophage,0,1,0,1
FECD,gene:proph:163909,likely IS/TE,0,1,0,1
FECD,gene:proph:163920,likely IS/TE,0,1,0,1
FECD,gene:proph:169102,likely IS/TE,0,1,0,1
FECD,gene:proph:169111,likely IS/TE,0,0,1,1
FECD,gene:proph:169464,prophage,0,0,3,1
FECD,gene:proph:169511,prophage,0,0,3,1
FECD,gene:proph:169512,prophage,0,0,3,1
FECD,gene:proph:170892,prophage,0,0,3,1
FECD,gene:proph:172517,prophage,0,0,3,1
FECD,gene:proph:177620,prophage,0,1,0,1
FECD,gene:proph:177621,prophage,0,0,1,2
FECD,gene:proph:177621,prophage,0,0,3,1
FECD,gene:proph:177621,prophage,0,1,0,1
FECD,gene:proph:183618,prophage,0,1,0,1
FECD,gene:vir:105410,virus,0,0,1,2
FECD,gene:vir:105410,virus,0,1,0,2
FECD,gene:vir:105410,virus,1,0,3,1
FETA,gene:vir:4533,virus,0,0,3,1
FETB,gene:plasmid:155923,likely IS/TE,0,1,0,1
FETB,gene:plasmid:15735,plasmid,0,1,0,1
FETB,gene:plasmid:24608,plasmid,0,1,0,1
FETB,gene:plasmid:24609,plasmid,0,1,0,1
FETB,gene:plasmid:88436,plasmid,0,1,0,1
FIEF,gene:plasmid:119871,plasmid,0,0,1,1
FIEF,gene:plasmid:157741,plasmid,0,0,1,1
FIEF,gene:proph:159051,prophage,0,1,0,1
FIEF,gene:proph:163815,prophage,0,1,0,1
FIEF,gene:proph:176915,prophage,0,1,0,1
FIEF,gene:vir:5715,virus,0,1,0,1
FIEF,gene:vir:5716,virus,0,1,0,1
FIEF,gene:vir:5717,virus,0,1,0,1
FIEF,gene:vir:5718,virus,0,1,0,2
FIEF,gene:vir:6084,virus,0,1,0,1
FIEF,pENTAS02_1__CP003028,replicon,0,0,1,1
FLOR,gene:plasmid:117672,plasmid,0,0,3,1
FLOR,gene:plasmid:83868,plasmid,0,0,3,1
FOSA,gene:plasmid:21346,plasmid,0,1,0,5
FOSA,gene:plasmid:85307,plasmid,0,1,0,1
FOSA,gene:plasmid:93495,plasmid,0,1,0,1
GADA,gene:plasmid:15838,likely IS/TE,0,1,0,1
GADA,gene:plasmid:15839,likely IS/TE,0,1,0,1
GADC,gene:plasmid:142103,likely IS/TE,0,1,1,1
GADC,gene:plasmid:25149,likely IS/TE,0,0,1,1
GADC,gene:proph:159026,prophage,0,0,1,1
GADC,gene:proph:163818,prophage,0,0,1,1
GADC,gene:proph:172516,prophage,0,0,1,1
GADC,gene:proph:172517,prophage,0,0,1,1
GADC,gene:proph:172518,prophage,0,0,1,1
GADC,gene:proph:172519,prophage,0,0,1,1
GADC,gene:proph:172520,prophage,0,0,1,1
GADC,gene:proph:172521,prophage,0,0,1,1
GADC,gene:proph:172523,prophage,0,0,1,1
GADC,gene:proph:172524,prophage,0,0,1,1
GADC,gene:proph:173750,prophage,0,0,1,1
GADC,gene:proph:175033,prophage,0,0,1,1
GADC,gene:proph:176039,prophage,0,0,1,1
GADC,gene:proph:176040,prophage,0,0,1,1
GADC,gene:proph:176071,prophage,0,0,1,1
GADC,gene:proph:176073,prophage,0,0,1,1
GADC,gene:proph:176074,prophage,0,0,1,1
GADC,gene:proph:176753,prophage,0,0,1,1
GADC,gene:proph:176757,prophage,0,0,1,1
GADC,gene:proph:176758,prophage,0,0,1,1
GADC,gene:proph:176764,prophage,0,0,1,1
GADC,gene:proph:176765,prophage,0,0,1,1
GADC,gene:proph:176772,prophage,0,0,1,1
GADC,gene:proph:176773,prophage,0,0,1,1
GADC,gene:proph:176774,prophage,0,0,1,1
GADC,gene:proph:176779,prophage,0,0,1,1
GADC,gene:proph:176782,prophage,0,0,1,1
GADC,gene:proph:176785,prophage,0,0,1,1
GADC,gene:proph:176786,prophage,0,0,1,1
GADC,gene:proph:176788,prophage,0,0,1,1
GADC,gene:proph:176790,prophage,0,0,1,1
GADC,gene:proph:176791,prophage,0,0,1,1
GADC,gene:proph:176797,prophage,0,0,1,1
GADC,gene:proph:176798,prophage,0,0,1,1
GADC,gene:proph:176813,prophage,0,0,1,1
GADC,gene:proph:179418,prophage,0,0,1,1
GADC,gene:proph:179420,prophage,0,0,1,1
GADC,gene:proph:179426,prophage,0,0,1,1
GADC,gene:proph:179433,prophage,0,0,1,1
GADC,gene:proph:181166,prophage,0,0,1,1
GADC,gene:proph:181168,prophage,0,0,1,1
GADC,gene:proph:181170,prophage,0,0,1,1
GADC,gene:proph:181173,prophage,0,0,1,1
GADC,gene:proph:181174,prophage,0,0,1,1
GADC,gene:proph:181179,prophage,0,0,1,1
GADC,gene:proph:181180,prophage,0,0,1,1
GADC,gene:proph:181182,prophage,0,0,1,1
GADC,gene:proph:181184,prophage,0,0,1,1
GADC,gene:proph:181195,prophage,0,0,1,1
GADC,gene:proph:181197,prophage,0,0,1,1
GADC,gene:proph:181201,prophage,0,0,1,1
GADC,gene:proph:181203,prophage,0,0,1,1
GADC,gene:proph:181206,prophage,0,0,1,1
GADC,gene:proph:181211,prophage,0,0,1,1
GADC,gene:proph:181212,prophage,0,0,1,1
GADC,gene:proph:181213,prophage,0,0,1,1
GADC,gene:proph:182959,prophage,0,0,1,1
GADC,gene:proph:183003,prophage,0,0,1,1
GADC,gene:proph:183637,prophage,0,0,1,1
GADC,gene:proph:184574,prophage,0,0,1,1
GADC,gene:vir:10066,virus,0,0,1,1
GADC,gene:vir:108544,virus,0,0,1,1
GADC,gene:vir:1915,virus,0,0,1,1
GADC,gene:vir:95339,virus,0,0,1,1
GADX,gene:plasmid:120162,plasmid,0,0,3,1
GADX,gene:plasmid:120162,plasmid,0,1,0,3
GADX,gene:plasmid:120162,plasmid,1,0,3,1
GADX,gene:plasmid:21818,plasmid,0,0,1,2
GADX,gene:plasmid:21818,plasmid,0,0,3,2
GADX,gene:plasmid:21818,plasmid,0,1,0,3
GADX,gene:plasmid:21818,plasmid,0,1,3,1
GADX,gene:plasmid:21818,plasmid,1,0,3,1
GADX,gene:plasmid:24694,plasmid,0,0,1,1
GADX,gene:plasmid:24694,plasmid,0,1,0,1
GADX,gene:plasmid:24694,plasmid,0,1,3,1
GADX,gene:vir:1321,virus,0,0,1,1
GLPF,gene:proph:163801,prophage,0,1,0,1
GLPF,gene:proph:163815,prophage,0,1,0,1
GLPF,gene:vir:2016,virus,0,1,0,1
GLPF,gene:vir:2019,virus,0,1,0,1
GLPF,gene:vir:2021,virus,0,1,0,1
GLPF,gene:vir:2022,virus,0,1,0,1
GLPF,gene:vir:2024,virus,0,1,0,1
GLPF,gene:vir:2028,virus,0,1,0,1
GLPF,gene:vir:2031,virus,0,1,0,1
GLPF,gene:vir:2033,virus,0,1,0,1
GLPF,gene:vir:2035,virus,0,1,0,1
GLPF,gene:vir:5695,virus,0,1,0,1
GLPF,gene:vir:5696,virus,0,1,0,1
GLPF,gene:vir:5698,virus,0,1,0,1
GLPF,gene:vir:5705,virus,0,1,0,1
GLPF,gene:vir:5706,virus,0,1,0,1
GLPF,gene:vir:5713,virus,0,1,0,1
GLPF,gene:vir:6068,virus,0,1,0,1
GLPF,gene:vir:6070,virus,0,1,0,1
GLPF,gene:vir:6071,virus,0,1,0,1
GLPF,gene:vir:6076,virus,0,1,0,1
GLPF,gene:vir:6080,virus,0,1,0,1
GLPF,gene:vir:6083,virus,0,1,0,1
GLPF,gene:vir:6086,virus,0,1,0,1
HDEA,gene:plasmid:151260,plasmid,0,0,3,1
HDEA,gene:plasmid:24694,plasmid,0,0,3,1
HNS,gene:plasmid:112498,plasmid,0,0,3,1
HNS,gene:plasmid:112498,plasmid,0,1,0,2
HNS,gene:plasmid:114202,likely IS/TE,0,0,1,1
HNS,gene:plasmid:123360,plasmid,0,0,3,1
HNS,gene:plasmid:123360,plasmid,0,1,0,3
HNS,gene:plasmid:123361,plasmid,0,0,3,1
HNS,gene:plasmid:123361,plasmid,0,1,0,3
HNS,gene:plasmid:123362,plasmid,0,0,3,1
HNS,gene:plasmid:123362,plasmid,0,1,0,2
HNS,gene:plasmid:123363,plasmid,0,0,3,1
HNS,gene:plasmid:123363,plasmid,0,1,0,3
HNS,gene:plasmid:133691,plasmid,0,1,0,1
HNS,gene:plasmid:142103,likely IS/TE,0,0,1,2
HNS,gene:plasmid:142103,likely IS/TE,0,1,0,1
HNS,gene:plasmid:149415,plasmid,0,0,1,1
HNS,gene:plasmid:149415,plasmid,0,1,0,5
HNS,gene:plasmid:157415,plasmid,0,1,0,2
HNS,gene:plasmid:21988,plasmid,0,1,0,2
HNS,gene:plasmid:21989,plasmid,0,1,0,1
HNS,gene:plasmid:22236,plasmid,0,0,1,1
HNS,gene:plasmid:22236,plasmid,0,1,0,4
HNS,gene:plasmid:88332,likely IS/TE,0,1,0,1
HNS,gene:plasmid:88333,likely IS/TE,0,1,0,1
HNS,gene:proph:163918,prophage,0,0,3,1
HNS,gene:proph:163934,prophage,0,0,3,1
HNS,gene:proph:163947,prophage,0,0,3,1
HNS,gene:proph:164853,prophage,0,1,0,1
HNS,gene:proph:164865,prophage,0,1,0,2
HNS,gene:proph:166425,prophage,0,1,0,1
HNS,gene:proph:169106,prophage,0,0,3,1
HNS,gene:proph:169460,prophage,0,1,0,1
HNS,gene:proph:169476,prophage,0,1,0,1
HNS,gene:proph:169477,prophage,0,1,0,1
HNS,gene:proph:169478,prophage,0,1,0,1
HNS,gene:proph:169480,prophage,0,1,0,1
HNS,gene:proph:169499,prophage,0,1,0,1
HNS,gene:proph:169500,prophage,0,1,0,1
HNS,gene:proph:169505,prophage,0,1,0,1
HNS,gene:proph:169508,prophage,0,1,0,1
HNS,gene:proph:169510,prophage,0,1,0,1
HNS,gene:proph:169514,prophage,0,1,0,1
HNS,gene:proph:169516,prophage,0,1,0,1
HNS,gene:proph:169517,prophage,0,1,0,1
HNS,gene:proph:169518,prophage,0,1,0,1
HNS,gene:proph:169519,prophage,0,1,0,1
HNS,gene:proph:169520,prophage,0,1,0,1
HNS,gene:proph:169521,prophage,0,1,0,1
HNS,gene:proph:172517,prophage,0,1,0,1
HNS,gene:proph:172518,prophage,0,1,0,1
HNS,gene:proph:172519,prophage,0,1,0,1
HNS,gene:proph:172520,prophage,0,1,0,1
HNS,gene:proph:172521,prophage,0,1,0,1
HNS,gene:proph:172522,prophage,0,1,0,1
HNS,gene:proph:172523,prophage,0,1,0,1
HNS,gene:proph:172524,prophage,0,1,0,1
HNS,gene:proph:172549,prophage,0,0,3,1
HNS,gene:proph:172550,prophage,0,0,3,1
HNS,gene:proph:172575,prophage,0,0,3,1
HNS,gene:proph:172576,prophage,0,0,3,1
HNS,gene:proph:172582,prophage,0,0,3,1
HNS,gene:proph:172583,prophage,0,0,3,1
HNS,gene:proph:172596,prophage,0,0,3,1
HNS,gene:proph:172598,prophage,0,0,3,1
HNS,gene:proph:173848,prophage,0,1,0,1
HNS,gene:proph:173951,prophage,0,0,3,1
HNS,gene:proph:176802,prophage,0,0,3,1
HNS,gene:proph:176803,prophage,0,0,3,1
HNS,gene:proph:176804,prophage,0,0,3,1
HNS,gene:proph:176811,prophage,0,0,3,1
HNS,gene:proph:176812,prophage,0,0,3,1
HNS,gene:proph:177498,prophage,0,0,3,1
HNS,gene:proph:177510,prophage,0,0,3,1
HNS,gene:proph:177598,prophage,0,0,3,1
HNS,gene:proph:179228,prophage,0,1,0,1
HNS,gene:proph:184970,prophage,0,1,0,1
HNS,gene:proph:184990,prophage,0,1,0,1
HNS,gene:vir:10093,virus,0,0,3,1
HNS,gene:vir:104372,virus,0,0,3,1
HNS,gene:vir:104392,virus,0,0,3,1
HNS,gene:vir:104416,virus,0,0,3,1
HNS,gene:vir:108421,virus,0,0,3,1
HNS,gene:vir:108646,virus,0,0,3,1
HNS,gene:vir:3289,virus,0,0,3,1
HNS,gene:vir:469,virus,0,0,3,1
HNS,gene:vir:93619,virus,0,0,3,1
ICLR,gene:proph:161694,prophage,0,1,0,2
ICLR,gene:proph:175194,prophage,0,1,0,2
KDEA,gene:plasmid:119478,plasmid,0,1,0,2
KDEA,gene:plasmid:119510,plasmid,0,1,0,2
KDEA,gene:plasmid:119512,plasmid,0,1,0,3
KDEA,gene:plasmid:124311,plasmid,0,1,0,6
KDEA,gene:plasmid:124575,plasmid,0,1,0,5
KDEA,gene:plasmid:125744,plasmid,0,1,0,1
KDEA,gene:plasmid:146529,plasmid,0,1,0,2
KDEA,gene:plasmid:153887,plasmid,0,1,0,4
KDEA,gene:plasmid:158721,plasmid,0,1,0,1
KDEA,gene:plasmid:24610,plasmid,0,1,0,1
KDEA,gene:plasmid:25448,likely IS/TE,0,1,0,1
KDEA,gene:plasmid:91802,plasmid,0,1,0,2
KDEA,gene:proph:163818,prophage,0,1,0,6
KDEA,gene:proph:173726,prophage,0,0,1,1
KDEA,gene:proph:173726,prophage,0,1,0,1
KDEA,gene:proph:179258,prophage,0,1,0,1
KDEA,gene:proph:182982,prophage,0,1,0,1
KDPE,gene:plasmid:24609,plasmid,0,1,0,1
KDPE,gene:proph:159028,prophage,0,0,1,1
KDPE,gene:proph:159032,likely IS/TE,0,0,1,1
KDPE,gene:proph:159036,prophage,0,0,1,1
KDPE,gene:proph:159058,prophage,0,0,1,1
KDPE,gene:proph:159076,prophage,0,0,1,1
KDPE,gene:proph:163832,prophage,0,0,1,1
KDPE,gene:proph:163837,prophage,0,0,1,1
KDPE,gene:proph:163940,prophage,0,0,1,1
KDPE,gene:proph:169115,prophage,0,0,1,1
KDPE,gene:proph:172415,prophage,0,0,1,1
KDPE,gene:proph:172438,prophage,0,0,1,1
KDPE,gene:proph:172451,prophage,0,0,1,1
KDPE,gene:proph:172466,prophage,0,0,1,1
KDPE,gene:proph:175285,prophage,0,0,1,1
KDPE,gene:proph:176058,prophage,0,0,1,1
KDPE,gene:proph:176073,prophage,0,0,1,1
KDPE,gene:proph:176088,prophage,0,0,1,1
KDPE,gene:proph:176765,prophage,0,0,1,1
KDPE,gene:proph:176792,prophage,0,0,1,1
KDPE,gene:proph:177557,prophage,0,0,1,1
KDPE,gene:proph:177577,prophage,0,0,1,1
KDPE,gene:proph:179454,prophage,0,0,1,1
KDPE,gene:proph:179456,prophage,0,0,1,1
KDPE,gene:proph:181166,prophage,0,0,1,1
KDPE,gene:proph:181172,prophage,0,0,1,1
KDPE,gene:proph:181305,prophage,0,0,1,1
KDPE,gene:proph:181314,prophage,0,0,1,1
KDPE,gene:proph:181315,prophage,0,0,1,1
KDPE,gene:proph:181324,prophage,0,0,1,1
KDPE,gene:proph:182930,prophage,0,0,1,1
KDPE,gene:proph:183637,prophage,0,0,1,1
KDPE,gene:proph:183637,prophage,0,0,3,1
KDPE,gene:proph:183637,prophage,0,1,1,1
KDPE,gene:vir:108716,virus,0,0,1,1
KDPE,gene:vir:165,virus,0,0,1,1
KDPE,gene:vir:3428,virus,0,0,1,1
KDPE,gene:vir:3429,virus,0,0,1,1
KDPE,gene:vir:3431,virus,0,0,1,1
KDPE,gene:vir:3432,virus,0,0,1,1
KDPE,gene:vir:3433,virus,0,0,1,1
KDPE,gene:vir:3434,virus,0,0,1,1
KDPE,gene:vir:3435,virus,0,0,1,1
KDPE,gene:vir:3436,virus,0,0,1,1
KDPE,gene:vir:3472,virus,0,0,1,1
KEXD,gene:plasmid:112498,plasmid,0,1,0,3
KEXD,gene:plasmid:123360,plasmid,0,1,0,2
KEXD,gene:plasmid:123361,plasmid,0,1,0,1
KEXD,gene:plasmid:123362,plasmid,0,1,0,1
KEXD,gene:plasmid:123363,plasmid,0,1,0,1
KEXD,gene:plasmid:149414,plasmid,0,1,0,2
KEXD,gene:plasmid:149415,plasmid,0,1,0,1
KEXD,gene:plasmid:16025,likely IS/TE,0,1,0,1
KEXD,gene:plasmid:16026,plasmid,0,1,0,1
KEXD,gene:plasmid:16027,plasmid,0,1,0,1
KEXD,gene:plasmid:16031,plasmid,0,1,0,1
KEXD,gene:plasmid:16032,plasmid,0,1,0,1
KEXD,gene:plasmid:16033,likely IS/TE,0,1,0,1
KEXD,gene:plasmid:20382,plasmid,0,1,0,1
KEXD,gene:plasmid:22236,plasmid,0,1,0,1
KEXD,gene:plasmid:92146,plasmid,0,1,0,1
KEXD,gene:plasmid:92147,plasmid,0,1,0,1
KEXD,gene:plasmid:93439,plasmid,0,1,0,1
KEXD,gene:plasmid:93454,plasmid,0,1,0,1
KEXD,gene:plasmid:93482,plasmid,0,1,0,1
KEXD,gene:proph:169464,prophage,0,1,0,1
KEXD,gene:proph:169512,prophage,0,1,0,1
KEXD,gene:proph:172517,prophage,0,1,0,1
KEXD,gene:proph:179364,prophage,0,1,0,1
KMRA,gene:plasmid:112498,plasmid,0,1,0,1
KMRA,gene:plasmid:119655,plasmid,0,1,0,1
KMRA,gene:plasmid:119658,plasmid,0,1,0,2
KMRA,gene:plasmid:123338,plasmid,0,1,0,1
KMRA,gene:plasmid:123360,plasmid,0,1,0,1
KMRA,gene:plasmid:123361,plasmid,0,1,0,1
KMRA,gene:plasmid:123362,plasmid,0,1,0,1
KMRA,gene:plasmid:123363,plasmid,0,1,0,1
KMRA,gene:plasmid:133691,plasmid,0,1,0,2
KMRA,gene:plasmid:149414,plasmid,0,0,3,1
KMRA,gene:plasmid:149414,plasmid,0,1,0,6
KMRA,gene:plasmid:149414,plasmid,0,1,3,1
KMRA,gene:plasmid:149415,plasmid,0,1,0,7
KMRA,gene:plasmid:154014,plasmid,0,1,0,1
KMRA,gene:plasmid:155970,plasmid,0,1,0,5
KMRA,gene:plasmid:16025,likely IS/TE,0,1,0,1
KMRA,gene:plasmid:16026,plasmid,0,1,0,1
KMRA,gene:plasmid:16027,plasmid,0,1,0,1
KMRA,gene:plasmid:16029,plasmid,0,1,0,1
KMRA,gene:plasmid:16031,plasmid,0,1,0,1
KMRA,gene:plasmid:16032,plasmid,0,1,0,1
KMRA,gene:plasmid:20177,plasmid,0,1,0,4
KMRA,gene:plasmid:20382,plasmid,0,1,0,1
KMRA,gene:plasmid:21240,plasmid,0,1,0,1
KMRA,gene:plasmid:21828,plasmid,0,1,0,2
KMRA,gene:plasmid:21989,plasmid,0,1,0,1
KMRA,gene:plasmid:83736,likely IS/TE,0,1,0,1
KMRA,gene:plasmid:88436,plasmid,0,1,0,3
KMRA,gene:plasmid:91930,likely IS/TE,0,1,0,1
KMRA,gene:plasmid:92147,plasmid,0,1,0,1
KMRA,gene:plasmid:93482,plasmid,0,1,0,1
KMRA,gene:plasmid:93494,plasmid,0,1,0,5
KMRA,gene:proph:164853,prophage,0,1,0,1
KMRA,gene:proph:164861,prophage,0,1,0,1
KMRA,gene:proph:164863,prophage,0,1,0,1
KMRA,gene:proph:169464,prophage,0,1,0,1
KMRA,gene:proph:172517,prophage,0,1,0,1
KMRA,gene:proph:172522,prophage,0,1,0,1
KPC,IncFII_1_pKP91_CP000966,Inc_plasmid,0,1,0,1
KPC,gene:plasmid:145495,plasmid,0,1,0,1
KPC,gene:plasmid:148146,plasmid,0,1,0,1
KPC,gene:plasmid:150081,likely IS/TE,0,1,0,1
KPC,gene:plasmid:15744,plasmid,0,1,0,1
KPC,gene:plasmid:15745,plasmid,0,1,0,1
KPC,gene:plasmid:15750,plasmid,0,1,0,1
KPC,gene:plasmid:15751,plasmid,0,1,0,1
KPC,gene:plasmid:24949,likely IS/TE,0,1,0,1
KPC,gene:plasmid:24950,likely IS/TE,0,1,0,1
KPC,gene:plasmid:88362,plasmid,0,1,0,1
KPC,gene:plasmid:88393,plasmid,0,1,0,1
KPC,gene:plasmid:88395,plasmid,0,1,0,1
KPC,gene:plasmid:88396,plasmid,0,1,0,1
KPC,gene:plasmid:88397,plasmid,0,1,0,1
KPC,gene:plasmid:88398,plasmid,0,1,0,1
KPC,gene:plasmid:88399,plasmid,0,1,0,1
KPC,gene:plasmid:88402,plasmid,0,1,0,1
KPC,gene:plasmid:88403,plasmid,0,1,0,1
KPC,gene:plasmid:91760,plasmid,0,1,0,1
KPC,gene:plasmid:91761,likely IS/TE,0,1,0,1
KPC,gene:plasmid:92104,plasmid,0,1,0,1
KPC,gene:plasmid:92105,plasmid,0,1,0,1
KPC,gene:plasmid:92106,plasmid,0,1,0,1
KPC,gene:plasmid:92107,plasmid,0,1,0,1
KPC,gene:plasmid:92108,plasmid,0,1,0,1
KPC,gene:plasmid:92109,plasmid,0,1,0,1
KPC,gene:plasmid:92110,plasmid,0,1,0,1
KPC,gene:plasmid:92111,plasmid,0,1,0,1
KPC,gene:plasmid:92112,plasmid,0,1,0,1
KPC,gene:plasmid:92113,plasmid,0,1,0,1
KPC,gene:plasmid:92114,plasmid,0,1,0,1
KPC,gene:plasmid:92115,plasmid,0,1,0,1
KPC,gene:plasmid:92116,plasmid,0,1,0,1
KPC,gene:plasmid:92118,plasmid,0,1,0,1
KPC,gene:plasmid:92124,plasmid,0,1,0,1
KPC,gene:plasmid:92128,plasmid,0,1,0,1
KPC,gene:plasmid:92129,plasmid,0,1,0,1
KPC,gene:plasmid:92130,plasmid,0,1,0,1
KPC,gene:plasmid:92131,plasmid,0,1,0,1
KPC,gene:plasmid:92132,plasmid,0,1,0,1
KPC,gene:plasmid:92137,plasmid,0,1,0,1
KPC,gene:plasmid:92139,plasmid,0,1,0,1
KPN,gene:proph:170528,prophage,0,1,0,1
KPN,gene:proph:170540,prophage,0,1,0,1
KPN,gene:proph:179208,prophage,0,1,0,1
KPNE,gene:plasmid:16025,likely IS/TE,0,1,0,2
KPNE,gene:plasmid:16026,plasmid,0,1,0,2
KPNE,gene:plasmid:16027,plasmid,0,1,0,2
KPNE,gene:plasmid:16028,plasmid,0,1,0,1
KPNE,gene:plasmid:16029,plasmid,0,1,0,2
KPNE,gene:plasmid:16031,plasmid,0,1,0,2
KPNE,gene:plasmid:16032,plasmid,0,1,0,2
KPNE,gene:plasmid:16033,likely IS/TE,0,1,0,2
KPNE,gene:plasmid:92147,plasmid,0,1,0,1
KPNF,gene:plasmid:16025,likely IS/TE,0,0,1,1
KPNF,gene:plasmid:16027,plasmid,0,0,1,1
KPNF,gene:plasmid:16029,plasmid,0,0,1,1
KPNF,gene:plasmid:16031,plasmid,0,0,1,1
KPNF,gene:plasmid:16032,plasmid,0,0,1,1
KPNF,gene:plasmid:83736,likely IS/TE,0,0,1,1
KPNF,gene:plasmid:83785,plasmid,0,0,1,1
KPNF,gene:plasmid:92147,plasmid,0,0,1,1
KPNO,gene:plasmid:86179,plasmid,0,1,0,1
LEN,gene:plasmid:16025,likely IS/TE,0,1,0,1
LEN,gene:plasmid:16026,plasmid,0,1,0,1
LEN,gene:plasmid:16027,plasmid,0,1,0,2
LEN,gene:plasmid:16028,plasmid,0,1,0,1
LEN,gene:plasmid:16029,plasmid,0,1,0,2
LEN,gene:plasmid:16031,plasmid,0,1,0,1
LEN,gene:plasmid:16032,plasmid,0,1,0,2
LEN,gene:plasmid:83736,likely IS/TE,0,1,0,3
LEN,gene:plasmid:83785,plasmid,0,1,0,1
LEN,gene:plasmid:83871,likely IS/TE,0,1,0,1
LEN,gene:plasmid:92147,plasmid,0,1,0,2
LEN,gene:plasmid:93482,plasmid,0,1,0,1
LEN,gene:proph:164854,prophage,0,1,0,1
LEN,gene:proph:164855,prophage,0,1,0,1
LEN,gene:proph:164862,prophage,0,1,0,1
LEN,gene:proph:164865,prophage,0,1,0,1
LEN,gene:proph:164866,prophage,0,1,0,1
LEN,gene:proph:164869,prophage,0,1,0,1
LEN,gene:proph:164870,prophage,0,1,0,1
LEN,gene:proph:164873,prophage,0,1,0,1
LEN,gene:proph:164877,prophage,0,1,0,1
LEN,gene:proph:164879,prophage,0,1,0,1
LEN,gene:proph:164880,prophage,0,1,0,1
LEN,gene:proph:164882,prophage,0,1,0,1
LEN,gene:proph:164883,prophage,0,1,0,1
LEN,gene:proph:164884,prophage,0,1,0,1
LEN,gene:proph:164889,prophage,0,1,0,1
LEN,gene:proph:164890,prophage,0,1,0,1
LEN,gene:proph:164891,prophage,0,1,0,1
LEN,gene:proph:164892,prophage,0,1,0,1
LEN,gene:proph:164893,prophage,0,1,0,1
LEN,gene:proph:164894,prophage,0,1,0,1
LEN,gene:proph:164895,prophage,0,1,0,1
LEN,gene:proph:164896,prophage,0,1,0,1
LEN,gene:proph:164902,prophage,0,1,0,1
LEN,gene:proph:164903,prophage,0,1,0,1
LEN,gene:proph:164904,prophage,0,1,0,1
LEN,gene:proph:164908,prophage,0,1,0,1
LEN,gene:proph:164909,prophage,0,1,0,1
LEN,gene:proph:164910,prophage,0,1,0,1
LEN,gene:proph:164911,prophage,0,1,0,1
LEN,gene:proph:164912,prophage,0,1,0,1
LEN,gene:proph:164913,prophage,0,1,0,1
LEN,gene:proph:164916,prophage,0,1,0,1
LEN,gene:proph:169464,prophage,0,1,0,1
LEN,gene:proph:172517,prophage,0,1,0,1
LEN,gene:proph:172522,prophage,0,1,0,1
LEN,gene:vir:105038,virus,0,1,0,1
LEN,gene:vir:105039,virus,0,1,0,1
LEN,gene:vir:105043,virus,0,1,0,1
LEN,gene:vir:105044,virus,0,1,0,1
LEN,gene:vir:105055,virus,0,1,0,1
LEN,gene:vir:105064,virus,0,1,0,1
LEN,gene:vir:105087,virus,0,1,0,1
LEN,gene:vir:105088,virus,0,1,0,1
LEN,gene:vir:105089,virus,0,1,0,1
LNUA,gene:plasmid:17121,plasmid,0,1,0,1
LNUG,gene:plasmid:15569,plasmid,0,1,0,1
LPDT,gene:plasmid:151223,likely IS/TE,0,0,1,1
LPDT,gene:plasmid:151224,likely IS/TE,0,0,1,1
LPDT,gene:plasmid:151225,likely IS/TE,0,0,1,1
LPTD,gene:plasmid:21346,plasmid,0,1,0,1
LSA,ICEberg|101|Tn5385|GenBank|...,ICE,0,0,3,1
LSA,ICEberg|101|Tn5385|GenBank|...,ICE,0,1,0,1
LSA,ICEberg|101|Tn5385|GenBank|...,ICE,0,1,1,1
MARA,gene:plasmid:20177,plasmid,0,1,0,1
MARA,gene:plasmid:21988,plasmid,0,0,1,1
MARA,gene:plasmid:93486,plasmid,0,0,1,1
MARA,gene:proph:169464,prophage,0,1,0,1
MARA,gene:proph:169511,prophage,0,1,0,1
MARA,gene:proph:169512,prophage,0,1,0,1
MARA,gene:proph:172517,prophage,0,1,0,1
MARA,gene:proph:173446,prophage,0,1,0,1
MARA,gene:proph:173545,prophage,0,1,0,1
MARA,gene:proph:181075,prophage,0,1,0,1
MARA,gene:vir:4551,virus,0,1,0,1
MARA,gene:vir:4554,virus,0,1,0,1
MARR,ICEberg|74|ICEEcIHE3034-1|G...,ICE,0,1,1,1
MARR,gene:plasmid:117704,plasmid,0,0,1,1
MARR,gene:plasmid:117704,plasmid,0,1,0,1
MARR,gene:plasmid:117772,plasmid,0,0,1,1
MARR,gene:plasmid:117772,plasmid,0,1,0,1
MARR,gene:plasmid:117783,plasmid,0,0,1,1
MARR,gene:plasmid:117783,plasmid,0,1,0,1
MARR,gene:plasmid:155982,plasmid,0,1,0,1
MARR,gene:plasmid:155982,plasmid,0,1,1,1
MARR,gene:plasmid:156169,plasmid,0,1,0,1
MARR,gene:plasmid:156169,plasmid,0,1,1,1
MARR,gene:plasmid:24248,likely IS/TE,0,0,1,1
MARR,gene:plasmid:24249,plasmid,0,0,1,1
MARR,gene:plasmid:88444,likely IS/TE,0,0,1,1
MARR,gene:proph:159058,prophage,0,1,0,1
MARR,gene:proph:159060,prophage,0,1,0,1
MARR,gene:proph:159061,prophage,0,1,0,1
MARR,gene:proph:159062,likely IS/TE,0,1,0,1
MARR,gene:proph:159063,prophage,0,0,1,1
MARR,gene:proph:159064,prophage,0,0,1,1
MARR,gene:proph:159064,prophage,0,1,0,1
MARR,gene:proph:159065,prophage,0,0,1,1
MARR,gene:proph:159065,prophage,0,1,0,1
MARR,gene:proph:159066,prophage,0,0,1,1
MARR,gene:proph:159066,prophage,0,1,0,1
MARR,gene:proph:159067,prophage,0,1,0,1
MARR,gene:proph:159069,prophage,0,0,1,1
MARR,gene:proph:159069,prophage,0,1,0,1
MARR,gene:proph:159070,prophage,0,0,1,1
MARR,gene:proph:159070,prophage,0,1,0,1
MARR,gene:proph:159071,prophage,0,0,1,1
MARR,gene:proph:159071,prophage,0,1,0,1
MARR,gene:proph:159072,prophage,0,0,1,1
MARR,gene:proph:159072,prophage,0,1,0,1
MARR,gene:proph:159074,prophage,0,0,1,1
MARR,gene:proph:159074,prophage,0,1,0,1
MARR,gene:proph:159076,prophage,0,1,0,1
MARR,gene:proph:163832,prophage,0,1,0,1
MARR,gene:proph:163837,prophage,0,0,1,1
MARR,gene:proph:163858,prophage,0,0,1,1
MARR,gene:proph:163918,prophage,0,0,1,2
MARR,gene:proph:163918,prophage,0,1,0,2
MARR,gene:proph:163921,prophage,0,0,1,1
MARR,gene:proph:163921,prophage,0,1,0,2
MARR,gene:proph:163927,prophage,0,0,1,1
MARR,gene:proph:163927,prophage,0,1,0,2
MARR,gene:proph:163928,prophage,0,0,1,5
MARR,gene:proph:163928,prophage,0,0,3,1
MARR,gene:proph:163928,prophage,0,1,0,3
MARR,gene:proph:163929,prophage,0,0,1,1
MARR,gene:proph:163929,prophage,0,1,0,1
MARR,gene:proph:163930,prophage,0,1,0,1
MARR,gene:proph:163931,prophage,0,1,0,1
MARR,gene:proph:163934,prophage,0,0,1,2
MARR,gene:proph:163934,prophage,0,1,0,1
MARR,gene:proph:163935,prophage,0,0,1,1
MARR,gene:proph:163935,prophage,0,1,0,2
MARR,gene:proph:163937,prophage,0,1,0,1
MARR,gene:proph:163938,prophage,0,0,1,1
MARR,gene:proph:163938,prophage,0,1,0,1
MARR,gene:proph:163939,prophage,0,0,1,1
MARR,gene:proph:163939,prophage,0,1,0,1
MARR,gene:proph:163940,prophage,0,0,1,2
MARR,gene:proph:163940,prophage,0,1,0,1
MARR,gene:proph:163942,prophage,0,0,1,1
MARR,gene:proph:163942,prophage,0,1,0,2
MARR,gene:proph:163944,prophage,0,1,0,1
MARR,gene:proph:163946,prophage,0,0,1,1
MARR,gene:proph:163947,prophage,0,0,1,2
MARR,gene:proph:163947,prophage,0,1,0,2
MARR,gene:proph:169100,prophage,0,0,1,1
MARR,gene:proph:169101,prophage,0,0,1,1
MARR,gene:proph:169106,prophage,0,0,1,2
MARR,gene:proph:169107,prophage,0,0,1,1
MARR,gene:proph:169107,prophage,0,1,0,1
MARR,gene:proph:172429,prophage,0,0,1,1
MARR,gene:proph:172429,prophage,0,1,0,1
MARR,gene:proph:172431,prophage,0,0,1,1
MARR,gene:proph:172431,prophage,0,1,0,1
MARR,gene:proph:172438,prophage,0,1,0,1
MARR,gene:proph:172441,prophage,0,0,1,1
MARR,gene:proph:172443,prophage,0,0,1,1
MARR,gene:proph:172443,prophage,0,1,0,1
MARR,gene:proph:172447,prophage,0,0,1,1
MARR,gene:proph:172449,prophage,0,0,1,2
MARR,gene:proph:172449,prophage,0,1,0,1
MARR,gene:proph:172450,prophage,0,0,1,1
MARR,gene:proph:172451,prophage,0,0,1,1
MARR,gene:proph:172451,prophage,0,1,0,1
MARR,gene:proph:172454,prophage,0,1,0,2
MARR,gene:proph:172455,prophage,0,1,0,1
MARR,gene:proph:172466,prophage,0,1,0,1
MARR,gene:proph:172550,prophage,0,0,1,1
MARR,gene:proph:172550,prophage,0,1,0,1
MARR,gene:proph:172551,prophage,0,0,1,1
MARR,gene:proph:172557,prophage,0,1,0,1
MARR,gene:proph:173951,prophage,0,0,1,1
MARR,gene:proph:173951,prophage,0,1,0,1
MARR,gene:proph:176061,prophage,0,1,0,1
MARR,gene:proph:176068,prophage,0,1,0,1
MARR,gene:proph:176709,prophage,0,0,1,1
MARR,gene:proph:176720,prophage,0,0,1,1
MARR,gene:proph:176721,prophage,0,0,1,1
MARR,gene:proph:176723,prophage,0,0,1,1
MARR,gene:proph:176723,prophage,0,1,0,1
MARR,gene:proph:176724,prophage,0,0,1,1
MARR,gene:proph:176724,prophage,0,1,0,1
MARR,gene:proph:176727,prophage,0,0,1,1
MARR,gene:proph:176727,prophage,0,1,0,1
MARR,gene:proph:176732,prophage,0,0,1,1
MARR,gene:proph:176775,prophage,0,1,0,1
MARR,gene:proph:176799,prophage,0,0,1,1
MARR,gene:proph:176799,prophage,0,1,0,1
MARR,gene:proph:176800,prophage,0,0,1,1
MARR,gene:proph:176800,prophage,0,1,0,1
MARR,gene:proph:176804,prophage,0,0,1,1
MARR,gene:proph:176804,prophage,0,1,0,1
MARR,gene:proph:176808,prophage,0,1,0,1
MARR,gene:proph:176810,prophage,0,0,1,1
MARR,gene:proph:176810,prophage,0,1,0,1
MARR,gene:proph:176811,prophage,0,0,1,1
MARR,gene:proph:176811,prophage,0,1,0,1
MARR,gene:proph:176812,prophage,0,0,1,1
MARR,gene:proph:176812,prophage,0,1,0,1
MARR,gene:proph:176814,prophage,0,0,1,1
MARR,gene:proph:177474,prophage,0,0,1,1
MARR,gene:proph:177484,prophage,0,0,1,1
MARR,gene:proph:177484,prophage,0,1,0,1
MARR,gene:proph:177498,prophage,0,0,1,2
MARR,gene:proph:177498,prophage,0,1,0,2
MARR,gene:proph:177500,prophage,0,1,0,1
MARR,gene:proph:177501,prophage,0,0,1,1
MARR,gene:proph:177584,prophage,0,0,1,1
MARR,gene:proph:177584,prophage,0,1,0,1
MARR,gene:proph:179244,prophage,0,0,1,1
MARR,gene:proph:179244,prophage,0,1,0,1
MARR,gene:proph:179440,prophage,0,0,1,1
MARR,gene:proph:179440,prophage,0,1,0,1
MARR,gene:proph:179445,prophage,0,1,0,1
MARR,gene:proph:179464,prophage,0,0,1,1
MARR,gene:proph:179464,prophage,0,1,0,1
MARR,gene:proph:179471,prophage,0,1,0,1
MARR,gene:proph:181127,prophage,0,1,0,1
MARR,gene:proph:181132,prophage,0,0,1,1
MARR,gene:proph:181132,prophage,0,1,0,1
MARR,gene:proph:181133,prophage,0,0,1,1
MARR,gene:proph:181136,prophage,0,0,1,1
MARR,gene:proph:181136,prophage,0,1,0,1
MARR,gene:proph:181137,prophage,0,0,1,1
MARR,gene:proph:181137,prophage,0,1,0,1
MARR,gene:proph:181145,prophage,0,0,1,1
MARR,gene:proph:181145,prophage,0,1,0,1
MARR,gene:proph:181296,prophage,0,0,1,1
MARR,gene:proph:181296,prophage,0,1,0,2
MARR,gene:proph:181315,prophage,0,1,0,1
MARR,gene:proph:181317,prophage,0,1,0,1
MARR,gene:proph:182915,prophage,0,0,1,1
MARR,gene:proph:182918,prophage,0,0,1,1
MARR,gene:proph:182918,prophage,0,1,0,1
MARR,gene:proph:182930,prophage,0,0,1,2
MARR,gene:proph:183581,prophage,0,0,1,1
MARR,gene:proph:183581,prophage,0,1,0,1
MARR,gene:proph:183581,prophage,0,1,1,1
MARR,gene:vir:108417,virus,0,0,1,1
MARR,gene:vir:108421,virus,0,0,1,1
MARR,gene:vir:108421,virus,0,1,0,1
MARR,gene:vir:108646,virus,0,1,0,1
MARR,gene:vir:1321,virus,0,0,1,1
MARR,gene:vir:3420,virus,0,1,0,1
MARR,gene:vir:3421,virus,0,1,0,1
MARR,gene:vir:3424,virus,0,1,0,1
MARR,gene:vir:3425,virus,0,1,0,1
MARR,gene:vir:3426,virus,0,1,0,1
MARR,gene:vir:3427,virus,0,1,0,1
MARR,gene:vir:3428,virus,0,1,0,1
MARR,gene:vir:79536,virus,0,0,1,1
MARR,gene:vir:79536,virus,0,1,0,1
MARR,gene:vir:79544,virus,0,0,1,1
MARR,gene:vir:79544,virus,0,1,0,1
MCR,gene:plasmid:156066,likely IS/TE,0,1,0,1
MCR,gene:plasmid:156082,likely IS/TE,0,1,0,1
MCR,gene:plasmid:88326,likely IS/TE,0,1,0,1
MCR,gene:plasmid:92008,plasmid,0,1,0,1
MDE,gene:proph:175649,prophage,0,0,1,1
MDFA,gene:proph:161580,prophage,0,1,0,1
MDFA,gene:proph:161581,prophage,0,1,0,1
MDFA,gene:proph:163802,prophage,0,1,0,1
MDFA,gene:proph:163807,prophage,0,1,0,1
MDFA,gene:proph:163814,prophage,0,1,0,1
MDFA,gene:proph:163817,prophage,0,1,0,1
MDFA,gene:proph:163818,prophage,0,0,1,1
MDFA,gene:proph:163818,prophage,0,0,3,1
MDFA,gene:proph:173754,prophage,0,1,0,2
MDFA,gene:proph:176917,prophage,0,1,0,1
MDFA,gene:proph:176921,prophage,0,1,0,1
MDFA,gene:proph:176922,prophage,0,1,0,1
MDFA,gene:proph:179389,prophage,0,1,0,2
MDFA,gene:proph:179390,prophage,0,1,0,1
MDFA,gene:proph:179395,prophage,0,1,0,1
MDFA,gene:proph:179396,prophage,0,1,0,1
MDFA,gene:proph:179418,prophage,0,1,0,2
MDFA,gene:proph:179420,prophage,0,1,0,2
MDFA,gene:proph:179426,prophage,0,1,0,2
MDFA,gene:proph:179429,prophage,0,1,0,1
MDFA,gene:proph:182947,prophage,0,1,0,1
MDFA,gene:proph:182948,prophage,0,1,0,1
MDFA,gene:proph:182949,prophage,0,1,0,1
MDFA,gene:proph:182951,prophage,0,1,0,2
MDFA,gene:proph:182953,prophage,0,1,0,2
MDFA,gene:proph:182959,prophage,0,1,0,2
MDFA,gene:proph:182973,prophage,0,1,0,2
MDFA,gene:proph:182980,prophage,0,1,0,1
MDFA,gene:proph:182981,prophage,0,1,0,1
MDFA,gene:proph:182982,prophage,0,1,0,4
MDFA,gene:proph:182983,prophage,0,1,0,1
MDFA,gene:proph:182984,prophage,0,1,0,2
MDFA,gene:proph:183644,prophage,0,0,3,1
MDFA,gene:vir:108625,virus,0,1,0,1
MDFA,gene:vir:108626,virus,0,1,0,1
MDFA,gene:vir:2015,virus,0,1,0,1
MDFA,gene:vir:2021,virus,0,1,0,1
MDFA,gene:vir:2026,virus,0,1,0,1
MDFA,gene:vir:2030,virus,0,1,0,1
MDFA,gene:vir:209,virus,0,1,0,2
MDFA,gene:vir:5698,virus,0,1,0,1
MDFA,gene:vir:5704,virus,0,1,0,1
MDFA,gene:vir:5707,virus,0,1,0,1
MDFA,gene:vir:5726,virus,0,1,0,1
MDFA,gene:vir:6059,virus,0,1,0,1
MDFA,gene:vir:6061,virus,0,1,0,1
MDFA,gene:vir:6062,virus,0,1,0,1
MDFA,gene:vir:6063,virus,0,1,0,1
MDFA,gene:vir:6064,virus,0,1,0,1
MDFA,gene:vir:6067,virus,0,1,0,1
MDFA,gene:vir:6068,virus,0,1,0,1
MDFA,gene:vir:6069,virus,0,1,0,1
MDFA,gene:vir:6070,virus,0,1,0,1
MDFA,gene:vir:6073,virus,0,1,0,1
MDTA,gene:plasmid:87050,plasmid,0,1,0,1
MDTA,gene:plasmid:87051,plasmid,0,1,0,1
MDTA,gene:proph:163814,prophage,0,0,3,1
MDTA,gene:proph:163815,prophage,0,0,3,1
MDTA,gene:proph:176915,prophage,0,0,3,1
MDTA,gene:proph:176917,prophage,0,1,0,1
MDTA,gene:proph:176924,prophage,0,0,3,1
MDTA,gene:proph:179438,prophage,0,0,1,1
MDTA,gene:proph:181243,prophage,0,1,3,1
MDTA,gene:proph:181292,prophage,0,0,3,1
MDTA,gene:vir:2013,virus,0,0,3,1
MDTA,gene:vir:2016,virus,0,1,0,1
MDTA,gene:vir:2021,virus,0,0,3,1
MDTA,gene:vir:2022,virus,0,0,3,1
MDTA,gene:vir:2024,virus,0,1,0,1
MDTA,gene:vir:2025,virus,0,0,3,1
MDTA,gene:vir:2028,virus,0,0,3,1
MDTA,gene:vir:2031,virus,0,0,3,1
MDTA,gene:vir:2037,virus,0,0,3,1
MDTA,gene:vir:2037,virus,0,1,0,1
MDTA,gene:vir:2040,virus,0,1,0,1
MDTA,gene:vir:2045,virus,0,0,3,1
MDTA,gene:vir:2046,virus,0,0,3,1
MDTA,gene:vir:2052,virus,0,0,3,1
MDTA,gene:vir:5692,virus,0,0,3,1
MDTA,gene:vir:5693,virus,0,0,3,1
MDTA,gene:vir:5693,virus,0,1,0,1
MDTA,gene:vir:5695,virus,0,0,3,1
MDTA,gene:vir:5695,virus,0,1,0,1
MDTA,gene:vir:5696,virus,0,0,3,1
MDTA,gene:vir:5698,virus,0,1,0,1
MDTA,gene:vir:5701,virus,0,0,3,1
MDTA,gene:vir:5704,virus,0,1,0,1
MDTA,gene:vir:5705,virus,0,0,3,1
MDTA,gene:vir:5705,virus,0,1,0,1
MDTA,gene:vir:5706,virus,0,0,3,1
MDTA,gene:vir:5706,virus,0,1,0,1
MDTA,gene:vir:5709,virus,0,0,3,1
MDTA,gene:vir:5715,virus,0,1,0,1
MDTA,gene:vir:5718,virus,0,0,3,1
MDTA,gene:vir:5723,virus,0,0,3,1
MDTA,gene:vir:5726,virus,0,0,3,1
MDTA,gene:vir:5727,virus,0,0,3,1
MDTA,gene:vir:5729,virus,0,0,3,1
MDTA,gene:vir:6059,virus,0,1,0,1
MDTA,gene:vir:6061,virus,0,0,3,1
MDTA,gene:vir:6063,virus,0,1,0,1
MDTA,gene:vir:6064,virus,0,0,3,1
MDTA,gene:vir:6064,virus,0,1,0,1
MDTA,gene:vir:6065,virus,0,0,3,1
MDTA,gene:vir:6066,virus,0,1,0,1
MDTA,gene:vir:6067,virus,0,1,0,1
MDTA,gene:vir:6068,virus,0,1,0,1
MDTA,gene:vir:6069,virus,0,0,3,1
MDTA,gene:vir:6070,virus,0,1,0,1
MDTA,gene:vir:6071,virus,0,0,3,1
MDTA,gene:vir:6071,virus,0,1,0,1
MDTA,gene:vir:6075,virus,0,1,0,1
MDTA,gene:vir:6077,virus,0,1,0,1
MDTA,gene:vir:6079,virus,0,0,3,1
MDTA,gene:vir:6079,virus,0,1,0,1
MDTA,gene:vir:6080,virus,0,0,3,1
MDTA,gene:vir:6080,virus,0,1,0,1
MDTA,gene:vir:6084,virus,0,0,3,1
MDTA,gene:vir:6093,virus,0,0,3,1
MDTB,gene:plasmid:119681,plasmid,0,1,0,1
MDTB,gene:plasmid:134726,plasmid,0,1,0,4
MDTB,gene:plasmid:134726,plasmid,0,1,1,1
MDTB,gene:plasmid:136996,likely IS/TE,0,1,0,1
MDTB,gene:plasmid:155923,likely IS/TE,0,1,0,1
MDTB,gene:plasmid:156042,likely IS/TE,0,1,0,1
MDTB,gene:plasmid:21818,plasmid,0,1,0,1
MDTB,gene:plasmid:30839,plasmid,0,1,0,1
MDTB,gene:plasmid:91930,likely IS/TE,0,1,0,1
MDTB,gene:proph:163814,prophage,0,0,1,1
MDTB,gene:proph:164875,prophage,0,1,0,2
MDTB,gene:proph:169512,prophage,0,1,0,1
MDTB,gene:proph:172520,prophage,0,1,0,1
MDTB,gene:proph:176897,prophage,0,1,0,1
MDTB,gene:proph:176915,prophage,0,0,1,1
MDTB,gene:proph:176917,prophage,0,0,1,1
MDTB,gene:proph:176924,prophage,0,0,1,1
MDTB,gene:proph:179307,prophage,0,1,0,1
MDTB,gene:vir:105044,virus,0,1,0,1
MDTB,gene:vir:2014,virus,0,0,1,1
MDTB,gene:vir:2017,virus,0,0,1,1
MDTB,gene:vir:2022,virus,0,0,1,1
MDTB,gene:vir:2025,virus,0,0,1,1
MDTB,gene:vir:2027,virus,0,0,1,1
MDTB,gene:vir:2030,virus,0,0,1,1
MDTB,gene:vir:2040,virus,0,0,1,1
MDTB,gene:vir:2041,virus,0,0,1,1
MDTB,gene:vir:2045,virus,0,0,1,1
MDTB,gene:vir:2046,virus,0,0,1,1
MDTB,gene:vir:2050,virus,0,0,1,1
MDTB,gene:vir:2052,virus,0,0,1,1
MDTB,gene:vir:5693,virus,0,0,1,1
MDTB,gene:vir:5698,virus,0,0,1,1
MDTB,gene:vir:5705,virus,0,0,1,1
MDTB,gene:vir:5707,virus,0,0,1,1
MDTB,gene:vir:5708,virus,0,0,1,1
MDTB,gene:vir:5713,virus,0,0,1,1
MDTB,gene:vir:5718,virus,0,0,1,1
MDTB,gene:vir:5723,virus,0,0,1,1
MDTB,gene:vir:5725,virus,0,0,1,1
MDTB,gene:vir:5727,virus,0,0,1,1
MDTB,gene:vir:6061,virus,0,0,1,1
MDTB,gene:vir:6063,virus,0,0,1,1
MDTB,gene:vir:6064,virus,0,0,1,1
MDTB,gene:vir:6066,virus,0,0,1,1
MDTB,gene:vir:6069,virus,0,0,1,1
MDTB,gene:vir:6071,virus,0,0,1,1
MDTB,gene:vir:6072,virus,0,0,1,1
MDTB,gene:vir:6079,virus,0,0,1,1
MDTB,gene:vir:6080,virus,0,0,1,1
MDTB,gene:vir:7319,virus,0,1,0,1
MDTB,gene:vir:7343,virus,0,1,0,1
MDTB,gene:vir:7351,virus,0,1,0,1
MDTB,gene:vir:7352,virus,0,1,0,1
MDTB,gene:vir:95313,virus,0,1,0,1
MDTJ,gene:plasmid:24248,likely IS/TE,0,1,0,2
MDTJ,gene:proph:159066,prophage,0,1,0,2
MDTJ,gene:proph:159070,prophage,0,1,0,2
MDTJ,gene:proph:159074,prophage,0,0,3,1
MDTJ,gene:proph:163858,prophage,0,1,0,2
MDTJ,gene:proph:163916,prophage,0,1,0,2
MDTJ,gene:proph:163918,prophage,0,0,3,1
MDTJ,gene:proph:163918,prophage,0,1,0,2
MDTJ,gene:proph:163921,prophage,0,0,3,1
MDTJ,gene:proph:163921,prophage,0,1,0,2
MDTJ,gene:proph:163926,prophage,0,0,3,1
MDTJ,gene:proph:163927,prophage,0,0,3,1
MDTJ,gene:proph:163927,prophage,0,1,0,2
MDTJ,gene:proph:163928,prophage,0,0,1,1
MDTJ,gene:proph:163928,prophage,0,0,3,1
MDTJ,gene:proph:163928,prophage,0,1,0,2
MDTJ,gene:proph:163929,prophage,0,0,3,1
MDTJ,gene:proph:163929,prophage,0,1,0,2
MDTJ,gene:proph:163930,prophage,0,0,3,1
MDTJ,gene:proph:163931,prophage,0,0,3,1
MDTJ,gene:proph:163931,prophage,0,1,0,2
MDTJ,gene:proph:163934,prophage,0,0,3,1
MDTJ,gene:proph:163934,prophage,0,1,0,2
MDTJ,gene:proph:163935,prophage,0,0,3,1
MDTJ,gene:proph:163935,prophage,0,1,0,2
MDTJ,gene:proph:163937,prophage,0,0,3,1
MDTJ,gene:proph:163937,prophage,0,1,0,1
MDTJ,gene:proph:163938,prophage,0,0,3,1
MDTJ,gene:proph:163938,prophage,0,1,0,2
MDTJ,gene:proph:163941,prophage,0,0,3,1
MDTJ,gene:proph:163942,prophage,0,0,3,1
MDTJ,gene:proph:163942,prophage,0,1,0,1
MDTJ,gene:proph:163944,prophage,0,0,3,1
MDTJ,gene:proph:163944,prophage,0,1,0,1
MDTJ,gene:proph:163947,prophage,0,0,3,1
MDTJ,gene:proph:163947,prophage,0,1,0,1
MDTJ,gene:proph:169106,prophage,0,1,0,2
MDTJ,gene:proph:172525,prophage,0,0,1,1
MDTJ,gene:proph:172551,prophage,0,1,0,1
MDTJ,gene:proph:172557,prophage,0,1,0,1
MDTJ,gene:proph:172559,prophage,0,0,3,1
MDTJ,gene:proph:173951,prophage,0,0,3,1
MDTJ,gene:proph:176719,prophage,0,1,0,2
MDTJ,gene:proph:176720,prophage,0,1,0,2
MDTJ,gene:proph:176721,prophage,0,1,0,2
MDTJ,gene:proph:176722,prophage,0,1,0,2
MDTJ,gene:proph:176724,prophage,0,1,0,1
MDTJ,gene:proph:176725,prophage,0,1,0,1
MDTJ,gene:proph:176730,prophage,0,1,0,1
MDTJ,gene:proph:176732,prophage,0,1,0,1
MDTJ,gene:proph:176808,prophage,0,0,3,1
MDTJ,gene:proph:177498,prophage,0,1,0,2
MDTJ,gene:proph:177500,prophage,0,1,0,1
MDTJ,gene:proph:177501,prophage,0,1,0,1
MDTJ,gene:proph:177584,prophage,0,1,0,2
MDTJ,gene:proph:179463,prophage,0,1,0,2
MDTJ,gene:proph:179464,prophage,0,1,0,2
MDTJ,gene:proph:181133,prophage,0,1,0,2
MDTJ,gene:proph:181137,prophage,0,1,0,1
MDTJ,gene:proph:181138,prophage,0,1,0,1
MDTJ,gene:proph:181139,prophage,0,1,0,1
MDTJ,gene:proph:181140,prophage,0,1,0,1
MDTJ,gene:proph:181141,prophage,0,1,0,1
MDTJ,gene:proph:181300,prophage,0,1,0,1
MDTJ,gene:proph:182915,prophage,0,1,0,2
MDTJ,gene:vir:108417,virus,0,1,0,2
MDTJ,gene:vir:108421,virus,0,1,0,2
MDTJ,gene:vir:79544,virus,0,1,0,1
MDTJ,gene:vir:79559,virus,0,1,0,1
MDTJ,gene:vir:79562,virus,0,1,0,1
MDTJ,gene:vir:79567,virus,0,1,0,1
MDTK,gene:plasmid:119871,plasmid,0,0,1,1
MDTK,gene:plasmid:149415,plasmid,0,1,1,1
MDTK,gene:plasmid:153884,plasmid,0,1,1,1
MDTK,gene:plasmid:153886,plasmid,0,1,1,1
MDTK,gene:plasmid:153887,plasmid,0,0,1,1
MDTK,gene:plasmid:154014,plasmid,0,0,1,1
MDTK,gene:plasmid:21988,plasmid,0,1,1,1
MDTK,gene:plasmid:91800,plasmid,0,1,1,1
MDTK,gene:plasmid:91802,plasmid,0,1,0,1
MDTK,gene:plasmid:93474,plasmid,0,1,1,1
MDTK,gene:plasmid:93475,plasmid,0,1,1,1
MDTK,gene:vir:105028,virus,0,0,1,1
MDTM,gene:plasmid:142025,likely IS/TE,0,0,1,1
MDTM,gene:plasmid:148201,likely IS/TE,0,0,1,1
MDTM,gene:plasmid:151223,likely IS/TE,0,0,1,1
MDTM,gene:plasmid:151224,likely IS/TE,0,0,1,1
MDTM,gene:proph:169102,likely IS/TE,0,1,0,2
MDTM,gene:proph:183618,prophage,0,1,0,1
MEFA,ICEberg|65|CTnGERM1|GenBank...,ICE,0,0,1,1
MEFA,ICEberg|65|CTnGERM1|GenBank...,ICE,0,0,3,2
MEFA,gene:plasmid:147544,plasmid,0,1,0,1
MEFA,gene:plasmid:97786,plasmid,0,1,0,1
MEFE,gene:plasmid:141426,plasmid,0,0,1,4
MEFE,gene:plasmid:141426,plasmid,0,0,3,2
MEFE,gene:plasmid:141426,plasmid,0,1,0,2
MEFE,gene:plasmid:141426,plasmid,1,0,3,7
MEFE,gene:plasmid:141427,plasmid,0,0,3,1
MEFE,gene:plasmid:141427,plasmid,0,1,0,1
MEFE,gene:plasmid:141427,plasmid,1,0,3,5
MERA,gene:plasmid:154098,likely IS/TE,0,1,0,1
MERD,gene:plasmid:154098,likely IS/TE,0,0,1,1
MERR,gene:plasmid:123343,likely IS/TE,0,1,0,1
MERR,gene:plasmid:127986,likely IS/TE,0,0,1,1
MERR,gene:plasmid:136305,plasmid,0,0,1,1
MERR,gene:plasmid:15293,plasmid,0,1,0,1
MERR,gene:plasmid:15301,likely IS/TE,0,0,1,1
MERR,gene:plasmid:15302,likely IS/TE,0,0,1,1
MERR,gene:plasmid:156066,likely IS/TE,0,1,0,1
MERR,gene:plasmid:156082,likely IS/TE,0,1,0,1
MERR,gene:plasmid:156832,likely IS/TE,0,1,0,1
MERR,gene:plasmid:87432,plasmid,0,0,1,1
MERR,gene:plasmid:88409,plasmid,0,1,0,1
MERR,gene:proph:163920,likely IS/TE,0,1,0,1
MERR1,gene:plasmid:123182,plasmid,0,0,3,1
MERR1,gene:plasmid:123184,plasmid,0,1,0,1
MERR1,gene:plasmid:123367,likely IS/TE,0,0,3,1
MERR1,gene:plasmid:151216,plasmid,0,0,3,1
MERR1,gene:plasmid:151217,plasmid,0,0,3,1
MERR1,gene:plasmid:151273,plasmid,0,0,3,1
MERR1,gene:plasmid:151274,plasmid,0,0,3,1
MERR1,gene:plasmid:151275,plasmid,0,0,3,1
MERR1,gene:plasmid:151291,plasmid,0,0,3,1
MERR1,gene:plasmid:151429,plasmid,0,0,3,1
MERR1,gene:plasmid:19401,plasmid,0,0,3,1
MERR1,gene:plasmid:19402,plasmid,0,0,3,1
MERR1,gene:plasmid:19403,plasmid,0,0,3,1
MERR1,gene:plasmid:19489,plasmid,0,0,3,1
MERR1,gene:plasmid:19506,plasmid,0,0,3,1
MERR1,gene:plasmid:19728,plasmid,0,0,3,1
MERR1,gene:plasmid:24674,plasmid,0,0,3,1
MERR1,gene:plasmid:24792,plasmid,0,0,3,1
MERR1,gene:plasmid:24799,plasmid,0,0,3,1
MERR1,gene:plasmid:24800,plasmid,0,0,3,1
MERR1,gene:plasmid:24804,plasmid,0,0,3,1
MERR1,gene:plasmid:24807,plasmid,0,0,3,1
MERR2,FII(pBK30683)_1__KF954760,replicon,0,1,0,1
MERR2,gene:plasmid:148146,plasmid,0,1,0,1
MERR2,gene:plasmid:154402,plasmid,0,1,0,1
MERR2,gene:plasmid:154403,plasmid,0,1,0,1
MERR2,gene:plasmid:154407,plasmid,0,1,0,1
MERR2,gene:plasmid:154408,plasmid,0,1,0,1
MERR2,gene:plasmid:154409,plasmid,0,1,0,1
MERR2,gene:plasmid:154410,plasmid,0,1,0,1
MERR2,gene:plasmid:154411,plasmid,0,1,0,1
MERR2,gene:plasmid:154412,plasmid,0,1,0,1
MERR2,gene:plasmid:154413,plasmid,0,1,0,1
MERR2,gene:plasmid:154414,plasmid,0,1,0,1
MERR2,gene:plasmid:154416,plasmid,0,1,0,1
MERR2,gene:plasmid:154417,likely IS/TE,0,1,0,1
MERR2,gene:plasmid:154418,plasmid,0,1,0,1
MERR2,gene:plasmid:154420,plasmid,0,1,0,1
MERR2,gene:plasmid:154421,plasmid,0,1,0,1
MERR2,gene:plasmid:154422,plasmid,0,1,0,1
MERR2,gene:plasmid:154442,plasmid,0,1,0,1
MERR2,gene:plasmid:154443,plasmid,0,1,0,1
MERR2,gene:plasmid:154444,plasmid,0,1,0,1
MERR2,gene:plasmid:154450,plasmid,0,1,0,1
MERR2,gene:plasmid:154459,plasmid,0,1,0,1
MERR2,gene:plasmid:154460,plasmid,0,1,0,1
MERR2,gene:plasmid:156131,likely IS/TE,0,1,0,1
MERR2,gene:plasmid:88353,plasmid,0,1,0,1
MERR2,gene:plasmid:88382,plasmid,0,1,0,1
MERR2,gene:plasmid:88383,plasmid,0,1,0,1
MERR2,gene:plasmid:88384,plasmid,0,1,0,1
MERR2,gene:plasmid:88387,plasmid,0,1,0,1
MERR2,gene:plasmid:88389,plasmid,0,1,0,1
MERR2,gene:plasmid:88392,plasmid,0,1,0,1
MERR2,gene:plasmid:88393,plasmid,0,1,0,1
MERR2,gene:plasmid:88395,plasmid,0,1,0,1
MERR2,gene:plasmid:88401,plasmid,0,1,0,1
MERR2,gene:plasmid:88405,plasmid,0,1,0,1
MERR2,gene:plasmid:88406,plasmid,0,1,0,1
MERR2,gene:plasmid:88407,plasmid,0,1,0,1
MERR2,gene:plasmid:88430,plasmid,0,1,0,1
MERR2,gene:plasmid:92068,plasmid,0,1,0,1
MERR2,gene:plasmid:92110,plasmid,0,1,0,1
MERR2,gene:plasmid:92113,plasmid,0,1,0,1
MERR2,gene:plasmid:92114,plasmid,0,1,0,1
MERR2,gene:plasmid:92115,plasmid,0,1,0,1
MERR2,gene:plasmid:92118,plasmid,0,1,0,1
MERR2,gene:plasmid:92120,plasmid,0,1,0,1
MERR2,gene:plasmid:92124,plasmid,0,1,0,1
MERR2,gene:plasmid:92127,plasmid,0,1,0,1
MERR2,gene:plasmid:92132,plasmid,0,1,0,1
MERR2,gene:plasmid:92142,likely IS/TE,0,1,0,1
MERT,IncFII(S)_1__CP000858,Inc_plasmid,0,1,0,1
MERT,IncFII(SARC14)_1_SARC14_JQ4...,Inc_plasmid,0,1,0,1
MERT,gene:plasmid:127986,likely IS/TE,0,1,0,2
MERT,gene:plasmid:149101,likely IS/TE,0,1,0,1
MERT,gene:plasmid:24221,likely IS/TE,0,1,0,1
MGTA,gene:plasmid:114192,likely IS/TE,0,0,1,1
MGTA,gene:plasmid:114192,likely IS/TE,0,1,0,1
MGTA,gene:plasmid:114253,likely IS/TE,0,0,1,1
MGTA,gene:plasmid:117449,likely IS/TE,0,1,0,1
MGTA,gene:plasmid:117481,likely IS/TE,1,0,3,1
MGTA,gene:plasmid:119679,likely IS/TE,1,0,3,1
MGTA,gene:plasmid:121457,likely IS/TE,0,1,0,1
MGTA,gene:plasmid:121458,likely IS/TE,0,1,0,1
MGTA,gene:plasmid:121983,likely IS/TE,1,0,3,1
MGTA,gene:plasmid:123163,plasmid,1,0,3,1
MGTA,gene:plasmid:123244,plasmid,1,0,3,1
MGTA,gene:plasmid:123245,plasmid,1,0,3,1
MGTA,gene:plasmid:123246,plasmid,1,0,3,1
MGTA,gene:plasmid:123247,plasmid,1,0,3,1
MGTA,gene:plasmid:123248,plasmid,1,0,3,1
MGTA,gene:plasmid:123249,plasmid,1,0,3,1
MGTA,gene:plasmid:123250,plasmid,1,0,3,1
MGTA,gene:plasmid:123251,plasmid,1,0,3,1
MGTA,gene:plasmid:123252,plasmid,1,0,3,1
MGTA,gene:plasmid:123253,plasmid,1,0,3,1
MGTA,gene:plasmid:123254,plasmid,1,0,3,1
MGTA,gene:plasmid:123255,likely IS/TE,1,0,3,1
MGTA,gene:plasmid:123256,plasmid,1,0,3,1
MGTA,gene:plasmid:123259,likely IS/TE,1,0,3,1
MGTA,gene:plasmid:123260,plasmid,1,0,3,1
MGTA,gene:plasmid:123354,likely IS/TE,1,0,3,1
MGTA,gene:plasmid:123355,likely IS/TE,1,0,3,1
MGTA,gene:plasmid:123356,likely IS/TE,1,0,3,1
MGTA,gene:plasmid:123357,likely IS/TE,1,0,3,1
MGTA,gene:plasmid:123358,likely IS/TE,1,0,3,1
MGTA,gene:plasmid:123359,likely IS/TE,1,0,3,1
MGTA,gene:plasmid:123360,plasmid,1,0,3,1
MGTA,gene:plasmid:123361,plasmid,1,0,3,1
MGTA,gene:plasmid:123362,plasmid,1,0,3,1
MGTA,gene:plasmid:123363,plasmid,1,0,3,1
MGTA,gene:plasmid:123364,plasmid,1,0,3,1
MGTA,gene:plasmid:123365,likely IS/TE,1,0,3,1
MGTA,gene:plasmid:123367,likely IS/TE,1,0,3,1
MGTA,gene:plasmid:123369,likely IS/TE,1,0,3,1
MGTA,gene:plasmid:123370,likely IS/TE,1,0,3,1
MGTA,gene:plasmid:139633,likely IS/TE,1,0,3,1
MGTA,gene:plasmid:142025,likely IS/TE,0,0,1,1
MGTA,gene:plasmid:148203,likely IS/TE,0,1,0,1
MGTA,gene:plasmid:154398,plasmid,1,0,3,1
MGTA,gene:plasmid:156052,plasmid,0,0,1,1
MGTA,gene:plasmid:15780,likely IS/TE,1,0,3,1
MGTA,gene:plasmid:15801,likely IS/TE,1,0,3,1
MGTA,gene:plasmid:16111,likely IS/TE,1,0,3,1
MGTA,gene:plasmid:25357,likely IS/TE,0,0,1,1
MGTA,gene:plasmid:25643,likely IS/TE,0,0,3,1
MGTA,gene:plasmid:25689,likely IS/TE,0,0,1,1
MGTA,gene:plasmid:84559,plasmid,0,1,0,1
MGTA,gene:plasmid:84559,plasmid,1,0,3,1
MGTA,gene:plasmid:84560,plasmid,1,0,3,1
MGTA,gene:plasmid:84566,plasmid,0,1,0,1
MGTA,gene:plasmid:84614,likely IS/TE,1,0,3,1
MGTA,gene:plasmid:88328,plasmid,0,0,1,1
MGTA,gene:plasmid:88329,plasmid,0,0,1,1
MGTA,gene:plasmid:88468,plasmid,0,1,0,1
MGTA,gene:plasmid:93495,plasmid,0,0,1,1
MGTA,gene:proph:163922,likely IS/TE,1,0,3,1
MGTA,gene:proph:169074,prophage,0,1,0,3
MGTA,gene:proph:169075,prophage,0,1,0,3
MGTA,gene:proph:169076,prophage,0,1,0,1
MGTA,gene:proph:169077,prophage,0,1,0,1
MGTA,gene:proph:169079,prophage,0,1,0,1
MGTA,gene:proph:169080,prophage,0,0,1,1
MGTA,gene:proph:169080,prophage,0,1,0,5
MGTA,gene:proph:170528,prophage,0,1,1,1
MGTA,gene:proph:170535,prophage,0,1,0,2
MGTA,gene:proph:170535,prophage,0,1,1,1
MGTA,gene:proph:170536,prophage,0,1,1,1
MGTA,gene:proph:170540,prophage,0,1,1,1
MGTA,gene:vir:108724,virus,0,0,1,1
MGTA,gene:vir:108725,virus,0,0,1,1
MGTA,gene:vir:108727,virus,0,0,1,1
MGTA,gene:vir:108727,virus,0,1,0,2
MGTA,gene:vir:108728,virus,0,0,1,1
MGTA,gene:vir:108728,virus,0,1,0,1
MGTA,gene:vir:1321,virus,0,0,1,1
MGTA,gene:vir:1321,virus,0,1,0,2
MGTA,gene:vir:507,virus,0,0,1,1
MGTA,gene:vir:507,virus,0,1,0,1
MGTA,gene:vir:508,virus,0,1,0,2
MGTA,gene:vir:513,virus,0,1,1,1
MNTH,gene:plasmid:134726,plasmid,0,0,1,4
MNTH,gene:plasmid:134726,plasmid,0,0,3,1
MNTH,gene:plasmid:134726,plasmid,0,1,0,10
MNTH,gene:plasmid:134726,plasmid,0,1,1,1
MNTH,gene:plasmid:84614,likely IS/TE,0,0,3,1
MNTH,gene:plasmid:84622,likely IS/TE,0,0,3,1
MNTH,gene:plasmid:88410,likely IS/TE,0,1,0,1
MNTH,gene:proph:163800,prophage,0,1,0,1
MNTH,gene:proph:163803,prophage,0,1,0,1
MNTH,gene:proph:163806,prophage,0,1,0,1
MNTH,gene:proph:163807,prophage,0,1,0,2
MNTH,gene:proph:163810,prophage,0,1,0,1
MNTH,gene:proph:163814,prophage,0,1,0,2
MNTH,gene:proph:163837,prophage,0,1,0,1
MNTH,gene:proph:176917,prophage,0,1,0,1
MNTH,gene:proph:176922,prophage,0,1,0,1
MNTH,gene:proph:176924,prophage,0,1,0,1
MNTH,gene:proph:181243,prophage,0,0,1,2
MNTH,gene:proph:181243,prophage,0,0,3,1
MNTH,gene:proph:181243,prophage,0,1,0,1
MNTH,gene:proph:181293,prophage,0,0,3,1
MNTH,gene:vir:129,virus,0,0,1,1
MNTH,gene:vir:2015,virus,0,1,0,1
MNTH,gene:vir:2024,virus,0,1,0,1
MNTH,gene:vir:2037,virus,0,1,0,1
MNTH,gene:vir:2040,virus,0,1,0,1
MNTH,gene:vir:2043,virus,0,1,0,1
MNTH,gene:vir:2044,virus,0,1,0,1
MNTH,gene:vir:2045,virus,0,1,0,2
MNTH,gene:vir:2046,virus,0,1,0,1
MNTH,gene:vir:2050,virus,0,1,0,1
MNTH,gene:vir:5698,virus,0,1,0,1
MNTH,gene:vir:5704,virus,0,1,0,1
MNTH,gene:vir:5705,virus,0,1,0,1
MNTH,gene:vir:5706,virus,0,1,0,1
MNTH,gene:vir:5709,virus,0,1,0,1
MNTH,gene:vir:5715,virus,0,1,0,1
MNTH,gene:vir:5717,virus,0,1,0,1
MNTH,gene:vir:5718,virus,0,1,0,1
MNTH,gene:vir:5722,virus,0,1,0,1
MNTH,gene:vir:5727,virus,0,1,0,1
MNTH,gene:vir:6059,virus,0,1,0,1
MNTH,gene:vir:6061,virus,0,1,0,1
MNTH,gene:vir:6062,virus,0,1,0,1
MNTH,gene:vir:6063,virus,0,1,0,1
MNTH,gene:vir:6064,virus,0,1,0,1
MNTH,gene:vir:6066,virus,0,1,0,1
MNTH,gene:vir:6067,virus,0,1,0,1
MNTH,gene:vir:6068,virus,0,1,0,1
MNTH,gene:vir:6070,virus,0,1,0,1
MNTH,gene:vir:6071,virus,0,1,0,1
MNTH,gene:vir:6075,virus,0,1,0,1
MNTH,gene:vir:6079,virus,0,1,0,1
MNTH,gene:vir:6080,virus,0,1,0,1
MNTH,gene:vir:6093,virus,0,1,0,1
MNTP,gene:plasmid:123177,likely IS/TE,1,0,3,1
MNTP,gene:plasmid:142025,likely IS/TE,1,0,3,1
MNTP,gene:proph:163837,prophage,0,0,3,1
MNTP,gene:proph:163920,likely IS/TE,1,0,3,1
MNTP,gene:proph:183581,prophage,0,0,1,3
MNTP,gene:proph:183581,prophage,0,0,3,1
MNTP,gene:proph:183581,prophage,0,1,0,2
MNTP,gene:proph:183581,prophage,1,0,3,1
MNTR,gene:proph:159061,prophage,0,0,3,1
MNTR,gene:proph:161580,prophage,0,0,1,1
MNTR,gene:proph:161581,prophage,0,0,1,1
MNTR,gene:proph:163818,prophage,0,0,1,1
MNTR,gene:proph:163818,prophage,0,1,0,2
MNTR,gene:proph:163860,prophage,0,1,0,1
MNTR,gene:proph:176712,prophage,0,0,3,1
MNTR,gene:proph:177442,prophage,0,0,3,1
MNTR,gene:proph:179390,prophage,0,0,1,1
MNTR,gene:proph:179393,prophage,0,0,1,1
MNTR,gene:proph:179395,prophage,0,0,1,1
MNTR,gene:proph:179396,prophage,0,0,1,1
MNTR,gene:proph:179426,prophage,0,0,1,1
MNTR,gene:proph:179429,prophage,0,0,1,1
MNTR,gene:proph:181032,prophage,0,0,3,1
MNTR,gene:proph:181033,prophage,0,0,3,1
MNTR,gene:proph:181034,prophage,0,0,3,1
MNTR,gene:proph:181036,prophage,0,0,3,1
MNTR,gene:proph:181037,prophage,0,0,3,1
MNTR,gene:proph:181038,prophage,0,0,3,1
MNTR,gene:proph:181039,prophage,0,0,3,1
MNTR,gene:proph:181040,prophage,0,0,3,1
MNTR,gene:proph:181041,prophage,0,0,3,1
MNTR,gene:proph:181298,prophage,0,0,3,1
MNTR,gene:proph:182947,prophage,0,0,1,1
MNTR,gene:proph:182973,prophage,0,0,1,1
MNTR,gene:proph:182980,prophage,0,0,1,1
MNTR,gene:proph:182981,prophage,0,0,1,1
MNTR,gene:proph:182983,prophage,0,0,1,1
MNTR,gene:proph:182984,prophage,0,0,1,1
MNTR,gene:proph:183644,prophage,0,0,1,1
MNTR,gene:proph:184574,prophage,0,0,3,1
MNTR,gene:vir:209,virus,0,0,1,1
MNTR,gene:vir:3435,virus,0,0,3,1
MNTR,gene:vir:3436,virus,0,0,3,1
MODA,gene:plasmid:123177,likely IS/TE,0,0,3,1
MODA,gene:plasmid:24510,likely IS/TE,0,0,3,1
MODA,gene:proph:159043,prophage,0,0,3,1
MODA,gene:proph:161578,prophage,0,1,1,1
MODA,gene:proph:161580,prophage,0,1,1,1
MODA,gene:proph:161581,prophage,0,1,1,1
MODA,gene:proph:161581,prophage,1,0,3,1
MODA,gene:proph:163818,prophage,0,0,3,2
MODA,gene:proph:163818,prophage,0,1,0,2
MODA,gene:proph:163818,prophage,1,0,3,1
MODA,gene:proph:172402,prophage,0,1,0,1
MODA,gene:proph:172413,prophage,0,1,0,1
MODA,gene:proph:172415,prophage,0,1,0,1
MODA,gene:proph:172517,prophage,0,1,0,1
MODA,gene:proph:172518,prophage,0,1,0,1
MODA,gene:proph:172519,prophage,0,1,0,1
MODA,gene:proph:172520,prophage,0,1,0,1
MODA,gene:proph:172521,prophage,0,1,0,1
MODA,gene:proph:172522,prophage,0,1,0,1
MODA,gene:proph:172523,prophage,0,1,0,1
MODA,gene:proph:172524,prophage,0,1,0,1
MODA,gene:proph:173485,prophage,0,1,0,1
MODA,gene:proph:173491,prophage,0,1,0,1
MODA,gene:proph:173494,prophage,0,1,0,1
MODA,gene:proph:173495,prophage,0,1,0,1
MODA,gene:proph:173496,prophage,0,1,0,1
MODA,gene:proph:173506,prophage,0,1,0,1
MODA,gene:proph:173508,prophage,0,1,0,1
MODA,gene:proph:173748,prophage,1,0,3,1
MODA,gene:proph:173882,prophage,0,1,0,1
MODA,gene:proph:173884,prophage,0,1,0,1
MODA,gene:proph:173886,prophage,0,1,0,1
MODA,gene:proph:173887,prophage,0,1,0,1
MODA,gene:proph:173925,prophage,0,1,0,1
MODA,gene:proph:173932,prophage,0,1,0,1
MODA,gene:proph:175025,prophage,1,0,3,1
MODA,gene:proph:175054,prophage,1,0,3,1
MODA,gene:proph:175234,likely IS/TE,0,0,3,1
MODA,gene:proph:175234,likely IS/TE,0,1,0,2
MODA,gene:proph:175234,likely IS/TE,0,1,1,1
MODA,gene:proph:175276,prophage,0,1,0,1
MODA,gene:proph:175278,prophage,0,1,0,1
MODA,gene:proph:175283,prophage,0,1,0,1
MODA,gene:proph:176046,prophage,0,1,0,1
MODA,gene:proph:176047,prophage,0,1,0,1
MODA,gene:proph:176048,prophage,0,1,0,1
MODA,gene:proph:176049,prophage,0,1,0,1
MODA,gene:proph:176050,prophage,0,1,0,1
MODA,gene:proph:176051,prophage,0,1,0,1
MODA,gene:proph:176052,prophage,0,1,0,1
MODA,gene:proph:176053,prophage,0,1,0,1
MODA,gene:proph:176054,prophage,0,1,0,1
MODA,gene:proph:176055,prophage,0,1,0,1
MODA,gene:proph:176056,prophage,0,1,0,1
MODA,gene:proph:176073,prophage,0,1,0,1
MODA,gene:proph:176074,prophage,0,1,0,1
MODA,gene:proph:176075,prophage,0,1,0,1
MODA,gene:proph:176712,prophage,0,0,1,1
MODA,gene:proph:176747,prophage,0,0,3,1
MODA,gene:proph:176748,prophage,0,0,3,1
MODA,gene:proph:176839,prophage,0,1,0,1
MODA,gene:proph:177577,prophage,0,0,1,1
MODA,gene:proph:179217,prophage,0,1,0,1
MODA,gene:proph:179246,prophage,0,1,0,1
MODA,gene:proph:179247,prophage,0,1,0,1
MODA,gene:proph:179392,prophage,0,1,1,1
MODA,gene:proph:179395,prophage,1,0,3,1
MODA,gene:proph:179396,prophage,0,1,1,1
MODA,gene:proph:179402,prophage,1,0,3,1
MODA,gene:proph:179418,prophage,1,0,3,1
MODA,gene:proph:179426,prophage,1,0,3,1
MODA,gene:proph:179486,prophage,0,0,3,1
MODA,gene:proph:181068,prophage,0,0,3,1
MODA,gene:proph:181075,prophage,0,0,3,1
MODA,gene:proph:181076,prophage,0,0,3,1
MODA,gene:proph:181080,prophage,0,0,3,1
MODA,gene:proph:181081,prophage,0,0,3,1
MODA,gene:proph:181082,prophage,0,0,3,1
MODA,gene:proph:181083,prophage,0,0,3,1
MODA,gene:proph:181084,prophage,0,0,3,1
MODA,gene:proph:181095,prophage,0,0,3,1
MODA,gene:proph:181109,prophage,0,0,3,1
MODA,gene:proph:181110,prophage,0,0,3,1
MODA,gene:proph:181111,prophage,0,0,3,1
MODA,gene:proph:181161,prophage,0,0,3,1
MODA,gene:proph:181170,prophage,0,1,0,1
MODA,gene:proph:181290,prophage,0,1,0,1
MODA,gene:proph:181291,prophage,0,1,0,1
MODA,gene:proph:182947,prophage,0,0,1,1
MODA,gene:proph:182947,prophage,0,1,1,1
MODA,gene:proph:182948,prophage,0,1,1,1
MODA,gene:proph:182948,prophage,1,0,3,1
MODA,gene:proph:182949,prophage,0,1,1,1
MODA,gene:proph:182949,prophage,1,0,3,1
MODA,gene:proph:182951,prophage,1,0,3,1
MODA,gene:proph:182958,prophage,1,0,3,1
MODA,gene:proph:182959,prophage,1,0,3,1
MODA,gene:proph:182965,prophage,1,0,3,1
MODA,gene:proph:182966,prophage,1,0,3,1
MODA,gene:proph:182973,prophage,0,1,1,1
MODA,gene:proph:182975,prophage,1,0,3,1
MODA,gene:proph:182979,prophage,0,1,1,1
MODA,gene:proph:182980,prophage,1,0,3,1
MODA,gene:proph:182981,prophage,0,1,1,1
MODA,gene:proph:182981,prophage,1,0,3,1
MODA,gene:proph:182982,prophage,0,0,1,1
MODA,gene:proph:182982,prophage,0,1,1,1
MODA,gene:proph:182982,prophage,1,0,3,1
MODA,gene:proph:182983,prophage,0,1,1,1
MODA,gene:proph:182984,prophage,0,0,1,1
MODA,gene:proph:182984,prophage,0,1,1,1
MODA,gene:proph:182997,prophage,0,1,0,1
MODA,gene:proph:183010,prophage,0,1,0,1
MODA,gene:proph:183025,prophage,0,1,0,1
MODA,gene:proph:183035,prophage,0,1,0,1
MODA,gene:proph:183542,prophage,0,0,3,1
MODA,gene:proph:183546,prophage,0,0,3,1
MODA,gene:proph:183548,prophage,0,0,3,1
MODA,gene:proph:183615,prophage,0,1,0,1
MODA,gene:proph:183616,prophage,0,1,0,1
MODA,gene:proph:183617,prophage,0,1,0,1
MODA,gene:proph:183625,prophage,0,1,0,1
MODA,gene:proph:183644,prophage,0,0,3,1
MODA,gene:proph:183644,prophage,0,1,0,1
MODA,gene:proph:183644,prophage,1,0,3,1
MODA,gene:proph:184574,prophage,0,0,3,1
MODA,gene:proph:184629,prophage,0,0,3,1
MODA,gene:proph:184960,prophage,0,1,0,1
MODA,gene:vir:10085,virus,0,1,0,1
MODA,gene:vir:105367,virus,0,1,0,1
MODA,gene:vir:105377,virus,0,1,0,1
MODA,gene:vir:105401,virus,0,1,0,1
MODA,gene:vir:137,virus,0,1,0,1
MODA,gene:vir:1914,virus,0,1,0,1
MODA,gene:vir:221,virus,0,1,0,1
MODA,gene:vir:228,virus,0,1,0,1
MODA,gene:vir:229,virus,0,1,0,1
MODA,gene:vir:2876,virus,0,1,0,1
MODA,gene:vir:3472,virus,0,1,0,1
MODA,gene:vir:3484,virus,0,0,1,1
MODA,gene:vir:3485,virus,0,0,1,1
MODA,gene:vir:3486,virus,0,0,1,1
MODA,gene:vir:3487,virus,0,0,1,1
MODA,gene:vir:4454,virus,0,0,3,1
MODA,gene:vir:4507,virus,0,0,3,1
MODA,gene:vir:4515,virus,0,0,3,1
MODA,gene:vir:4518,virus,0,0,3,1
MODA,gene:vir:4520,virus,0,0,3,1
MODA,gene:vir:4522,virus,0,0,3,1
MODA,gene:vir:4523,virus,0,0,3,1
MODA,gene:vir:4525,virus,0,0,3,1
MODA,gene:vir:4534,virus,0,0,3,1
MODA,gene:vir:4535,virus,0,0,3,1
MODA,gene:vir:4536,virus,0,0,3,1
MODA,gene:vir:4537,virus,0,0,3,1
MODA,gene:vir:4539,virus,0,0,3,1
MODA,gene:vir:4542,virus,0,0,3,1
MODA,gene:vir:4547,virus,0,0,3,1
MODA,gene:vir:4555,virus,0,0,3,1
MODA,gene:vir:4556,virus,0,0,3,1
MODA,gene:vir:4557,virus,0,0,3,1
MODA,gene:vir:4559,virus,0,0,3,1
MODA,gene:vir:79572,virus,0,0,3,1
MODA,gene:vir:798,virus,0,1,0,1
MODC,gene:plasmid:123175,plasmid,0,0,1,1
MODC,gene:plasmid:88435,plasmid,0,0,1,1
MODC,gene:plasmid:88436,plasmid,0,0,1,1
MODC,gene:plasmid:88437,plasmid,0,0,1,1
MODC,gene:proph:159024,prophage,0,0,1,1
MODC,gene:proph:159028,prophage,0,0,3,1
MODC,gene:proph:159036,prophage,0,0,3,1
MODC,gene:proph:159058,prophage,0,0,3,1
MODC,gene:proph:159076,prophage,0,0,3,1
MODC,gene:proph:163829,prophage,0,0,3,1
MODC,gene:proph:163832,prophage,0,0,3,1
MODC,gene:proph:163833,prophage,0,0,3,1
MODC,gene:proph:163837,prophage,0,0,3,1
MODC,gene:proph:163841,prophage,0,0,3,1
MODC,gene:proph:163843,prophage,0,0,3,1
MODC,gene:proph:163858,prophage,0,0,3,1
MODC,gene:proph:175285,prophage,0,0,3,1
MODC,gene:proph:176046,prophage,0,0,3,1
MODC,gene:proph:176047,prophage,0,0,3,1
MODC,gene:proph:176048,prophage,0,0,3,1
MODC,gene:proph:176049,prophage,0,0,3,1
MODC,gene:proph:176050,prophage,0,0,3,1
MODC,gene:proph:176051,prophage,0,0,3,1
MODC,gene:proph:176052,prophage,0,0,3,1
MODC,gene:proph:176057,prophage,0,0,3,1
MODC,gene:proph:176073,prophage,0,0,3,1
MODC,gene:proph:176766,prophage,0,0,1,1
MODC,gene:proph:181127,prophage,0,0,1,1
MODC,gene:proph:181167,prophage,0,0,3,1
MODC,gene:proph:183637,prophage,0,0,1,1
MODC,gene:vir:108541,virus,0,0,1,1
MODC,gene:vir:165,virus,0,0,3,1
MPHA,gene:plasmid:14231,plasmid,0,1,1,1
MPHA,gene:plasmid:158565,plasmid,1,0,3,1
MPHA,gene:plasmid:158573,plasmid,0,0,3,1
MPHA,gene:plasmid:158595,plasmid,0,0,1,1
MPHA,gene:plasmid:158836,plasmid,0,1,1,1
MPHA,gene:plasmid:158837,plasmid,0,0,1,1
MPHA,gene:plasmid:158837,plasmid,0,0,3,1
MPHA,gene:plasmid:158837,plasmid,0,1,0,2
MPHA,gene:plasmid:158838,plasmid,0,0,1,1
MPHA,gene:plasmid:158838,plasmid,0,0,3,1
MPHA,gene:plasmid:158838,plasmid,0,1,0,1
MPHA,gene:plasmid:158860,plasmid,0,0,1,1
MPHA,gene:plasmid:87417,plasmid,0,1,0,1
MPHA,gene:plasmid:87420,plasmid,0,1,0,2
MPHA,gene:plasmid:87420,plasmid,1,0,3,1
MPHA,gene:plasmid:87421,plasmid,0,0,3,1
MPHA,gene:plasmid:87421,plasmid,0,1,0,2
MPHA,gene:plasmid:87422,likely IS/TE,0,1,0,1
MPRF,gene:plasmid:14401,plasmid,0,0,1,1
MPRF,gene:plasmid:14403,plasmid,0,0,1,1
MSBA,gene:plasmid:156052,plasmid,0,1,0,1
MSBA,gene:proph:159025,prophage,0,0,3,1
MSBA,gene:proph:163818,prophage,0,0,1,1
MSBA,gene:proph:163818,prophage,0,1,0,5
MSBA,gene:proph:163838,prophage,0,0,3,1
MSBA,gene:proph:163842,prophage,0,0,1,1
MSBA,gene:proph:163847,prophage,0,0,3,1
MSBA,gene:proph:163852,prophage,0,0,3,1
MSBA,gene:proph:169464,prophage,0,1,0,1
MSBA,gene:proph:169512,prophage,0,1,0,1
MSBA,gene:proph:172478,prophage,0,0,1,1
MSBA,gene:proph:172479,prophage,0,0,1,1
MSBA,gene:proph:172480,prophage,0,0,1,1
MSBA,gene:proph:172517,prophage,0,0,3,1
MSBA,gene:proph:172517,prophage,0,1,0,1
MSBA,gene:proph:172518,prophage,0,0,3,1
MSBA,gene:proph:172519,prophage,0,0,3,1
MSBA,gene:proph:172520,prophage,0,0,3,1
MSBA,gene:proph:172521,prophage,0,0,3,1
MSBA,gene:proph:172522,prophage,0,0,3,1
MSBA,gene:proph:172523,prophage,0,0,1,1
MSBA,gene:proph:172524,prophage,0,0,3,1
MSBA,gene:proph:172524,prophage,0,1,0,1
MSBA,gene:proph:173756,prophage,0,0,3,1
MSBA,gene:proph:173760,prophage,0,0,1,1
MSBA,gene:proph:173763,prophage,0,0,3,1
MSBA,gene:proph:173764,prophage,0,0,3,1
MSBA,gene:proph:173765,prophage,0,0,3,1
MSBA,gene:proph:173766,prophage,0,0,3,1
MSBA,gene:proph:173768,prophage,0,0,1,1
MSBA,gene:proph:173772,prophage,0,0,3,1
MSBA,gene:proph:173773,prophage,0,0,3,1
MSBA,gene:proph:173774,prophage,0,0,1,1
MSBA,gene:proph:173776,prophage,0,0,3,1
MSBA,gene:proph:173777,prophage,0,0,3,1
MSBA,gene:proph:173778,prophage,0,0,3,1
MSBA,gene:proph:173784,prophage,0,0,3,1
MSBA,gene:proph:173788,prophage,0,0,3,1
MSBA,gene:proph:174981,prophage,0,0,3,1
MSBA,gene:proph:174982,prophage,0,0,3,1
MSBA,gene:proph:174986,prophage,0,0,3,1
MSBA,gene:proph:174989,prophage,0,0,3,1
MSBA,gene:proph:174991,prophage,0,0,1,1
MSBA,gene:proph:174992,prophage,0,0,1,1
MSBA,gene:proph:174993,prophage,0,0,3,1
MSBA,gene:proph:174994,prophage,0,0,3,1
MSBA,gene:proph:174997,prophage,0,0,3,1
MSBA,gene:proph:174998,prophage,0,0,3,1
MSBA,gene:proph:174999,prophage,0,0,3,1
MSBA,gene:proph:175000,prophage,0,0,3,1
MSBA,gene:proph:175001,prophage,0,0,1,1
MSBA,gene:proph:175004,prophage,0,0,1,1
MSBA,gene:proph:175006,prophage,0,0,3,1
MSBA,gene:proph:175012,prophage,0,0,1,1
MSBA,gene:proph:176046,prophage,0,0,3,1
MSBA,gene:proph:176056,prophage,0,0,3,1
MSBA,gene:proph:176058,prophage,0,0,1,1
MSBA,gene:proph:176080,prophage,0,0,3,1
MSBA,gene:proph:176780,prophage,0,0,1,1
MSBA,gene:proph:176783,prophage,0,0,3,1
MSBA,gene:proph:177541,prophage,0,0,3,1
MSBA,gene:proph:177543,prophage,0,0,3,1
MSBA,gene:proph:181173,prophage,0,0,3,1
MSBA,gene:proph:181174,prophage,0,0,3,1
MSBA,gene:proph:181175,prophage,0,0,1,1
MSBA,gene:proph:181222,prophage,0,0,3,1
MSBA,gene:proph:181223,prophage,0,0,3,1
MSBA,gene:proph:181224,prophage,0,0,3,1
MSBA,gene:proph:181225,prophage,0,0,3,1
MSBA,gene:proph:183644,prophage,0,0,1,1
MSBA,gene:proph:183644,prophage,0,1,0,5
MSRD,ICEberg|65|CTnGERM1|GenBank...,ICE,1,0,3,2
MVRC,gene:proph:159026,prophage,0,1,0,2
MVRC,gene:proph:159036,prophage,0,0,1,1
MVRC,gene:proph:159036,prophage,0,1,0,3
MVRC,gene:proph:163832,prophage,0,0,1,1
MVRC,gene:proph:163832,prophage,0,1,0,1
MVRC,gene:proph:163833,prophage,0,1,0,1
MVRC,gene:proph:163835,prophage,0,0,1,1
MVRC,gene:proph:163835,prophage,0,1,0,3
MVRC,gene:proph:163837,prophage,0,1,0,1
MVRC,gene:proph:163837,prophage,1,0,3,1
MVRC,gene:proph:163838,prophage,0,0,1,1
MVRC,gene:proph:163838,prophage,0,1,0,1
MVRC,gene:proph:163841,prophage,0,1,0,1
MVRC,gene:proph:163842,prophage,0,0,1,1
MVRC,gene:proph:163852,prophage,0,0,1,1
MVRC,gene:proph:163852,prophage,0,1,0,3
MVRC,gene:proph:163857,prophage,0,1,0,1
MVRC,gene:proph:163858,prophage,0,0,1,1
MVRC,gene:proph:163861,prophage,0,1,0,4
MVRC,gene:proph:163861,prophage,0,1,1,1
MVRC,gene:proph:163863,prophage,0,1,0,2
MVRC,gene:proph:163865,prophage,0,0,1,1
MVRC,gene:proph:163866,prophage,0,0,1,1
MVRC,gene:proph:163867,prophage,0,0,1,1
MVRC,gene:proph:163869,prophage,0,0,1,1
MVRC,gene:proph:163870,prophage,0,0,1,1
MVRC,gene:proph:163871,prophage,0,0,1,1
MVRC,gene:proph:163872,prophage,0,0,1,1
MVRC,gene:proph:163873,prophage,0,0,1,1
MVRC,gene:proph:163874,prophage,0,0,1,1
MVRC,gene:proph:163876,prophage,0,0,1,1
MVRC,gene:proph:163877,prophage,0,0,1,1
MVRC,gene:proph:163878,prophage,0,0,1,1
MVRC,gene:proph:163883,prophage,0,0,1,1
MVRC,gene:proph:163885,prophage,0,0,1,1
MVRC,gene:proph:163888,prophage,0,0,1,1
MVRC,gene:proph:163890,prophage,0,0,1,1
MVRC,gene:proph:163891,prophage,0,0,1,1
MVRC,gene:proph:163893,prophage,0,0,1,1
MVRC,gene:proph:163895,prophage,0,0,1,1
MVRC,gene:proph:163896,prophage,0,0,1,1
MVRC,gene:proph:163899,prophage,0,0,1,1
MVRC,gene:proph:163900,prophage,0,0,1,1
MVRC,gene:proph:163901,prophage,0,0,1,1
MVRC,gene:proph:163902,prophage,0,0,1,1
MVRC,gene:proph:163903,prophage,0,0,1,1
MVRC,gene:proph:163904,prophage,0,0,1,1
MVRC,gene:proph:163905,prophage,0,0,1,1
MVRC,gene:proph:163908,prophage,0,0,1,1
MVRC,gene:proph:163911,prophage,0,0,1,1
MVRC,gene:proph:172466,prophage,0,1,0,1
MVRC,gene:proph:172467,prophage,0,1,0,1
MVRC,gene:proph:172516,prophage,0,1,0,1
MVRC,gene:proph:172517,prophage,0,0,1,1
MVRC,gene:proph:172517,prophage,0,1,0,1
MVRC,gene:proph:172518,prophage,0,0,1,1
MVRC,gene:proph:172519,prophage,0,0,1,1
MVRC,gene:proph:172520,prophage,0,0,1,1
MVRC,gene:proph:172521,prophage,0,0,1,1
MVRC,gene:proph:172522,prophage,0,0,1,1
MVRC,gene:proph:172524,prophage,0,0,1,1
MVRC,gene:proph:176039,prophage,0,0,1,1
MVRC,gene:proph:176040,prophage,0,0,1,1
MVRC,gene:proph:176040,prophage,0,1,0,2
MVRC,gene:proph:176046,prophage,0,0,1,1
MVRC,gene:proph:176046,prophage,0,1,0,1
MVRC,gene:proph:176051,prophage,0,1,0,3
MVRC,gene:proph:176052,prophage,0,1,0,2
MVRC,gene:proph:176056,prophage,0,0,1,1
MVRC,gene:proph:176056,prophage,0,1,0,3
MVRC,gene:proph:176058,prophage,0,0,1,1
MVRC,gene:proph:176073,prophage,0,1,0,1
MVRC,gene:proph:176074,prophage,0,1,0,1
MVRC,gene:proph:176075,prophage,0,0,1,1
MVRC,gene:proph:176076,prophage,0,0,1,1
MVRC,gene:proph:176080,prophage,0,1,0,1
MVRC,gene:proph:176089,prophage,0,1,0,1
MVRC,gene:proph:176766,prophage,0,1,0,1
MVRC,gene:proph:176768,prophage,0,1,0,1
MVRC,gene:proph:176800,prophage,0,1,0,1
MVRC,gene:proph:177540,prophage,0,1,0,1
MVRC,gene:proph:177560,prophage,0,1,0,1
MVRC,gene:proph:179447,prophage,0,1,0,1
MVRC,gene:proph:179451,prophage,0,1,0,2
MVRC,gene:proph:179453,prophage,0,1,0,1
MVRC,gene:proph:179457,prophage,0,1,0,1
MVRC,gene:proph:181127,prophage,0,1,0,1
MVRC,gene:proph:181128,prophage,0,1,0,1
MVRC,gene:proph:181129,prophage,0,1,0,1
MVRC,gene:proph:181169,prophage,0,1,0,1
MVRC,gene:proph:181173,prophage,0,1,0,1
MVRC,gene:proph:181174,prophage,0,0,1,1
MVRC,gene:proph:181174,prophage,0,1,0,1
MVRC,gene:proph:181175,prophage,0,1,0,1
MVRC,gene:proph:181210,prophage,0,1,0,1
MVRC,gene:proph:181222,prophage,0,0,1,1
MVRC,gene:proph:181311,prophage,0,1,0,1
MVRC,gene:proph:181312,prophage,0,1,0,1
MVRC,gene:proph:181314,prophage,0,1,0,1
MVRC,gene:proph:181316,prophage,0,1,0,1
MVRC,gene:proph:181317,prophage,0,1,0,1
MVRC,gene:proph:181318,prophage,0,1,0,1
MVRC,gene:proph:182924,prophage,0,0,1,1
MVRC,gene:proph:182924,prophage,0,1,0,1
MVRC,gene:proph:182925,prophage,0,0,1,1
MVRC,gene:proph:182925,prophage,0,1,0,2
MVRC,gene:proph:182926,prophage,0,0,1,1
MVRC,gene:proph:182926,prophage,0,1,0,2
MVRC,gene:proph:183562,prophage,0,1,0,1
MVRC,gene:proph:183581,prophage,0,0,3,1
MVRC,gene:vir:108544,virus,0,1,0,1
MVRC,gene:vir:3417,virus,0,0,1,1
MVRC,gene:vir:3418,virus,0,0,1,1
MVRC,gene:vir:3418,virus,0,1,0,1
MVRC,gene:vir:3421,virus,0,1,0,1
MVRC,gene:vir:3424,virus,0,1,0,1
MVRC,gene:vir:3426,virus,0,1,0,1
MVRC,gene:vir:3428,virus,0,1,0,1
MVRC,gene:vir:3429,virus,0,1,0,1
MVRC,gene:vir:3430,virus,0,1,0,1
MVRC,gene:vir:3431,virus,0,1,0,1
MVRC,gene:vir:3432,virus,0,1,0,1
MVRC,gene:vir:3433,virus,0,1,0,1
MVRC,gene:vir:3434,virus,0,1,0,1
MVRC,gene:vir:4533,virus,0,1,0,1
NCRA,gene:plasmid:87451,likely IS/TE,0,0,1,1
NCRA,gene:plasmid:87452,plasmid,0,0,1,1
NCRAN,gene:plasmid:117704,plasmid,0,0,1,1
NCRAN,gene:plasmid:117783,plasmid,0,0,1,1
NCRAN,gene:plasmid:146683,likely IS/TE,0,1,0,1
NCRAN,gene:plasmid:154064,plasmid,0,1,0,1
NCRAN,gene:plasmid:154065,plasmid,0,1,0,1
NCRAN,gene:plasmid:20023,likely IS/TE,0,1,0,1
NCRAN,gene:plasmid:24612,likely IS/TE,0,0,1,1
NCRAN,gene:plasmid:88453,likely IS/TE,0,0,1,1
NCRAN,gene:plasmid:88454,likely IS/TE,0,0,1,1
NFSA,gene:plasmid:25437,likely IS/TE,0,0,3,1
NFSA,gene:proph:161578,prophage,0,1,0,1
NFSA,gene:proph:161580,prophage,0,1,0,1
NFSA,gene:proph:163818,prophage,0,1,0,2
NFSA,gene:proph:163818,prophage,0,1,3,1
NFSA,gene:proph:172516,prophage,0,1,3,1
NFSA,gene:proph:172517,prophage,0,1,3,1
NFSA,gene:proph:172518,prophage,0,1,3,1
NFSA,gene:proph:172519,prophage,0,1,3,1
NFSA,gene:proph:172520,prophage,0,1,3,1
NFSA,gene:proph:172521,prophage,0,1,3,1
NFSA,gene:proph:172522,prophage,0,1,3,1
NFSA,gene:proph:172523,prophage,0,1,3,1
NFSA,gene:proph:172524,prophage,0,1,3,1
NFSA,gene:proph:173748,prophage,0,1,3,1
NFSA,gene:proph:173749,prophage,0,1,0,1
NFSA,gene:proph:173750,prophage,0,0,3,1
NFSA,gene:proph:173750,prophage,0,1,0,1
NFSA,gene:proph:173754,prophage,0,0,3,1
NFSA,gene:proph:173754,prophage,0,1,0,1
NFSA,gene:proph:173755,prophage,0,0,1,1
NFSA,gene:proph:173755,prophage,0,1,0,3
NFSA,gene:proph:175013,prophage,0,0,3,1
NFSA,gene:proph:175023,prophage,0,1,0,1
NFSA,gene:proph:175025,prophage,0,0,1,1
NFSA,gene:proph:175031,prophage,0,0,1,1
NFSA,gene:proph:175031,prophage,0,1,0,1
NFSA,gene:proph:175031,prophage,0,1,1,1
NFSA,gene:proph:176039,prophage,0,1,3,1
NFSA,gene:proph:176040,prophage,0,1,3,1
NFSA,gene:proph:176058,prophage,0,0,1,1
NFSA,gene:proph:176071,prophage,0,1,0,1
NFSA,gene:proph:176073,prophage,0,1,3,1
NFSA,gene:proph:176074,prophage,0,1,3,1
NFSA,gene:proph:176753,prophage,0,1,3,1
NFSA,gene:proph:176754,prophage,0,0,3,1
NFSA,gene:proph:176755,prophage,0,0,3,1
NFSA,gene:proph:176757,prophage,0,1,3,1
NFSA,gene:proph:176758,prophage,0,1,3,1
NFSA,gene:proph:176763,prophage,0,1,1,1
NFSA,gene:proph:176764,prophage,0,1,3,1
NFSA,gene:proph:176765,prophage,0,1,3,1
NFSA,gene:proph:176766,prophage,0,1,0,1
NFSA,gene:proph:176767,prophage,0,0,3,1
NFSA,gene:proph:176768,prophage,0,1,3,1
NFSA,gene:proph:176772,prophage,0,1,1,1
NFSA,gene:proph:176773,prophage,0,0,3,1
NFSA,gene:proph:176774,prophage,0,1,0,1
NFSA,gene:proph:176775,prophage,0,0,3,1
NFSA,gene:proph:176778,prophage,0,1,3,1
NFSA,gene:proph:176779,prophage,0,1,1,1
NFSA,gene:proph:176780,prophage,0,1,3,1
NFSA,gene:proph:176783,prophage,0,0,1,1
NFSA,gene:proph:176785,prophage,0,1,0,1
NFSA,gene:proph:176786,prophage,0,1,1,1
NFSA,gene:proph:176787,prophage,0,1,0,1
NFSA,gene:proph:176788,prophage,0,1,3,1
NFSA,gene:proph:176790,prophage,0,1,3,1
NFSA,gene:proph:176791,prophage,0,1,3,1
NFSA,gene:proph:176792,prophage,0,0,3,1
NFSA,gene:proph:176793,prophage,0,1,3,1
NFSA,gene:proph:176797,prophage,0,1,3,1
NFSA,gene:proph:176798,prophage,0,0,1,1
NFSA,gene:proph:176813,prophage,0,1,3,1
NFSA,gene:proph:176814,prophage,0,1,1,1
NFSA,gene:proph:179383,prophage,0,1,0,1
NFSA,gene:proph:179396,prophage,0,1,0,1
NFSA,gene:proph:179418,prophage,0,0,1,1
NFSA,gene:proph:179418,prophage,0,1,0,2
NFSA,gene:proph:179418,prophage,0,1,3,1
NFSA,gene:proph:179420,prophage,0,1,3,1
NFSA,gene:proph:179425,prophage,0,1,0,1
NFSA,gene:proph:179426,prophage,0,0,1,1
NFSA,gene:proph:179426,prophage,0,1,0,4
NFSA,gene:proph:179426,prophage,0,1,3,1
NFSA,gene:proph:179433,prophage,0,1,3,1
NFSA,gene:proph:181166,prophage,0,1,1,1
NFSA,gene:proph:181167,prophage,0,0,3,1
NFSA,gene:proph:181168,prophage,0,1,3,1
NFSA,gene:proph:181170,prophage,0,0,1,1
NFSA,gene:proph:181172,prophage,0,0,3,1
NFSA,gene:proph:181174,prophage,0,1,3,1
NFSA,gene:proph:181175,prophage,0,0,3,1
NFSA,gene:proph:181177,prophage,0,1,3,1
NFSA,gene:proph:181180,prophage,0,1,3,1
NFSA,gene:proph:181182,prophage,0,1,3,1
NFSA,gene:proph:181184,prophage,0,0,3,1
NFSA,gene:proph:181191,prophage,0,0,1,1
NFSA,gene:proph:181192,prophage,0,1,0,1
NFSA,gene:proph:181193,prophage,0,1,3,1
NFSA,gene:proph:181194,prophage,0,1,1,1
NFSA,gene:proph:181195,prophage,0,1,3,1
NFSA,gene:proph:181197,prophage,0,1,3,1
NFSA,gene:proph:181201,prophage,0,0,3,1
NFSA,gene:proph:181203,prophage,0,1,3,1
NFSA,gene:proph:181206,prophage,0,1,3,1
NFSA,gene:proph:181209,prophage,0,1,1,1
NFSA,gene:proph:181210,prophage,0,0,1,1
NFSA,gene:proph:181211,prophage,0,1,3,1
NFSA,gene:proph:181212,prophage,0,1,3,1
NFSA,gene:proph:181213,prophage,0,1,3,1
NFSA,gene:proph:181215,prophage,0,0,3,1
NFSA,gene:proph:181217,prophage,0,1,0,1
NFSA,gene:proph:181218,prophage,0,0,3,1
NFSA,gene:proph:181220,prophage,0,0,1,1
NFSA,gene:proph:181225,prophage,0,1,3,1
NFSA,gene:proph:182949,prophage,0,1,0,1
NFSA,gene:proph:182951,prophage,0,0,1,1
NFSA,gene:proph:182951,prophage,0,1,0,2
NFSA,gene:proph:182952,prophage,0,1,0,2
NFSA,gene:proph:182953,prophage,0,0,1,1
NFSA,gene:proph:182953,prophage,0,1,0,2
NFSA,gene:proph:182959,prophage,0,0,1,1
NFSA,gene:proph:182959,prophage,0,1,0,1
NFSA,gene:proph:182959,prophage,0,1,3,1
NFSA,gene:proph:182973,prophage,0,1,0,1
NFSA,gene:proph:182974,prophage,0,1,0,1
NFSA,gene:proph:182979,prophage,0,1,0,1
NFSA,gene:proph:182980,prophage,0,1,0,1
NFSA,gene:proph:182981,prophage,0,1,0,1
NFSA,gene:proph:183003,prophage,0,1,3,1
NFSA,gene:proph:183644,prophage,0,1,0,2
NFSA,gene:proph:184574,prophage,0,1,3,1
NFSA,gene:vir:10066,virus,0,0,1,1
NFSA,gene:vir:10232,virus,0,1,3,1
NFSA,gene:vir:108541,virus,0,0,1,1
NFSA,gene:vir:108544,virus,0,1,3,1
NFSA,gene:vir:1915,virus,0,1,1,1
NFSA,gene:vir:95339,virus,0,1,1,1
NHAA,gene:plasmid:16111,likely IS/TE,0,1,3,1
NHAA,gene:proph:159046,prophage,0,0,1,1
NHAA,gene:proph:159047,prophage,0,0,1,1
NHAA,gene:proph:159063,prophage,0,0,1,1
NHAA,gene:proph:163832,prophage,0,0,1,1
NHAA,gene:proph:163940,prophage,0,0,1,1
NHAA,gene:proph:169074,prophage,0,1,0,1
NHAA,gene:proph:169075,prophage,0,1,0,1
NHAA,gene:proph:172451,prophage,0,0,1,1
NHAA,gene:proph:172454,prophage,0,0,1,1
NHAA,gene:proph:172459,prophage,0,0,1,1
NHAA,gene:proph:172465,prophage,0,0,1,1
NHAA,gene:proph:172473,prophage,0,0,1,1
NHAA,gene:proph:176086,prophage,0,0,1,1
NHAA,gene:proph:176711,prophage,0,0,1,1
NHAA,gene:proph:176715,prophage,0,0,1,1
NHAA,gene:proph:176716,prophage,0,0,1,1
NHAA,gene:proph:176718,prophage,0,0,1,1
NHAA,gene:proph:176720,prophage,0,0,1,1
NHAA,gene:proph:176747,prophage,0,0,1,1
NHAA,gene:proph:176775,prophage,0,0,1,1
NHAA,gene:proph:177548,prophage,0,0,1,1
NHAA,gene:proph:177552,prophage,0,0,1,1
NHAA,gene:proph:177557,prophage,0,0,1,1
NHAA,gene:proph:179433,prophage,0,0,1,1
NHAA,gene:proph:179434,prophage,0,0,1,1
NHAA,gene:proph:179446,prophage,0,0,1,1
NHAA,gene:proph:179453,prophage,0,0,1,1
NHAA,gene:proph:179456,prophage,0,0,1,1
NHAA,gene:proph:179460,prophage,0,0,1,1
NHAA,gene:proph:179464,prophage,0,0,1,1
NHAA,gene:proph:179467,prophage,0,0,1,1
NHAA,gene:proph:179468,prophage,0,0,1,1
NHAA,gene:proph:179469,prophage,0,0,1,1
NHAA,gene:proph:179470,prophage,0,0,1,1
NHAA,gene:proph:179475,prophage,0,0,1,1
NHAA,gene:proph:179485,prophage,0,0,1,1
NHAA,gene:proph:181087,prophage,0,0,1,1
NHAA,gene:proph:181109,prophage,0,0,1,1
NHAA,gene:proph:181110,prophage,0,0,1,1
NHAA,gene:proph:181113,prophage,0,0,1,1
NHAA,gene:proph:181243,prophage,0,1,3,1
NHAA,gene:proph:181304,prophage,0,0,1,1
NHAA,gene:proph:181307,prophage,0,0,1,1
NHAA,gene:proph:182915,prophage,0,0,1,1
NHAA,gene:proph:182916,prophage,0,0,1,1
NHAA,gene:proph:182917,prophage,0,0,1,1
NHAA,gene:proph:182930,prophage,0,0,1,1
NHAA,gene:vir:3418,virus,0,0,1,1
NHAA,gene:vir:3419,virus,0,0,1,1
NHAA,gene:vir:3429,virus,0,0,1,1
NHAA,gene:vir:3433,virus,0,0,1,1
NHAA,gene:vir:3434,virus,0,0,1,1
NHAA,gene:vir:79542,virus,0,0,1,1
NHAA,gene:vir:79542,virus,0,1,0,1
NHAA,gene:vir:79572,virus,0,0,1,1
NHAA,gene:vir:79577,virus,0,0,1,1
NHAA,gene:vir:79577,virus,0,1,0,1
NHAB,gene:proph:172518,prophage,1,0,3,1
NHAB,gene:proph:172519,prophage,1,0,3,1
NHAB,gene:proph:172520,prophage,1,0,3,1
NHAB,gene:proph:172521,prophage,1,0,3,1
NHAB,gene:proph:172522,prophage,1,0,3,1
NHAB,gene:proph:172523,prophage,1,0,3,1
NHAB,gene:proph:172524,prophage,1,0,3,1
NIKC,gene:plasmid:86276,plasmid,0,0,3,1
NIKC,gene:plasmid:86276,plasmid,0,1,0,1
NIRA,gene:plasmid:92005,plasmid,0,1,0,1
NMPC,gene:plasmid:134726,plasmid,0,1,0,1
NMPC,gene:plasmid:154014,plasmid,0,1,0,1
NMPC,gene:plasmid:21988,plasmid,0,1,0,1
NMPC,gene:plasmid:21989,plasmid,0,1,0,1
NMPC,gene:proph:159028,prophage,0,1,0,1
NMPC,gene:proph:161537,prophage,0,1,0,1
NMPC,gene:proph:163837,prophage,0,0,1,1
NMPC,gene:proph:163837,prophage,0,1,0,1
NMPC,gene:proph:164865,prophage,0,1,0,1
NMPC,gene:proph:164878,prophage,0,1,0,1
NMPC,gene:proph:169507,prophage,0,1,0,1
NMPC,gene:proph:175295,prophage,0,1,0,1
NMPC,gene:proph:176073,prophage,0,1,0,1
NMPC,gene:proph:176920,prophage,0,1,0,2
NMPC,gene:proph:179343,prophage,0,1,0,1
NMPC,gene:proph:181127,prophage,0,1,0,1
NMPC,gene:proph:184960,prophage,0,1,0,1
NMPC,gene:vir:108429,virus,0,1,0,2
NMPC,gene:vir:1826,virus,0,1,0,1
NMPC,gene:vir:1830,virus,0,1,0,1
NMPC,gene:vir:1845,virus,0,1,0,1
NMPC,gene:vir:1849,virus,0,1,0,1
NMPC,gene:vir:5693,virus,0,1,0,1
NMPC,gene:vir:5711,virus,0,1,0,1
NMPC,gene:vir:6074,virus,0,1,0,1
NMPC,gene:vir:98537,virus,0,1,0,1
OMP37,gene:plasmid:124699,plasmid,0,1,0,1
OMP37,gene:plasmid:148055,plasmid,0,1,0,1
OMP37,gene:plasmid:155923,likely IS/TE,0,1,0,3
OMP37,gene:plasmid:156042,likely IS/TE,0,1,0,3
OMP37,gene:plasmid:93482,plasmid,0,1,0,4
OMP37,gene:proph:163818,prophage,0,1,0,1
OMP37,gene:proph:164853,prophage,0,1,0,3
OMP37,gene:proph:164855,prophage,0,1,0,1
OMP37,gene:proph:164861,prophage,0,1,0,1
OMP37,gene:proph:164862,prophage,0,1,0,2
OMP37,gene:proph:164863,prophage,0,1,0,3
OMP37,gene:proph:164869,prophage,0,1,0,1
OMP37,gene:proph:164870,prophage,0,1,0,1
OMP37,gene:proph:164871,prophage,0,1,0,1
OMP37,gene:proph:164873,prophage,0,1,0,1
OMP37,gene:proph:164879,prophage,0,1,0,1
OMP37,gene:proph:164880,prophage,0,1,0,1
OMP37,gene:proph:164882,prophage,0,1,0,1
OMP37,gene:proph:164883,prophage,0,1,0,1
OMP37,gene:proph:164884,prophage,0,1,0,1
OMP37,gene:proph:164889,prophage,0,1,0,1
OMP37,gene:proph:164890,prophage,0,1,0,1
OMP37,gene:proph:164891,prophage,0,1,0,1
OMP37,gene:proph:164892,prophage,0,1,0,1
OMP37,gene:proph:164893,prophage,0,1,0,1
OMP37,gene:proph:164894,prophage,0,1,0,1
OMP37,gene:proph:164895,prophage,0,1,0,1
OMP37,gene:proph:164896,prophage,0,1,0,1
OMP37,gene:proph:164902,prophage,0,1,0,1
OMP37,gene:proph:164903,prophage,0,1,0,1
OMP37,gene:proph:164916,prophage,0,1,0,1
OMP37,gene:proph:170528,prophage,0,1,0,1
OMP37,gene:proph:170536,prophage,0,1,0,1
OMP37,gene:proph:170892,prophage,0,1,0,4
OMPA,gene:plasmid:119478,plasmid,0,1,0,2
OMPA,gene:plasmid:119510,plasmid,0,1,0,1
OMPA,gene:plasmid:119512,plasmid,0,1,0,2
OMPA,gene:plasmid:124311,plasmid,0,1,0,4
OMPA,gene:plasmid:124575,plasmid,0,1,0,3
OMPA,gene:plasmid:125744,plasmid,0,0,3,1
OMPA,gene:plasmid:125744,plasmid,0,1,0,6
OMPA,gene:plasmid:130030,plasmid,0,0,1,1
OMPA,gene:plasmid:146529,plasmid,0,1,0,1
OMPA,gene:plasmid:153887,plasmid,0,1,0,1
OMPA,gene:plasmid:24608,plasmid,0,1,0,1
OMPA,gene:plasmid:24609,plasmid,0,0,1,1
OMPA,gene:plasmid:24610,plasmid,0,1,0,3
OMPA,gene:plasmid:25161,likely IS/TE,0,1,0,1
OMPA,gene:plasmid:25448,likely IS/TE,0,1,0,2
OMPA,gene:plasmid:27818,plasmid,0,1,0,1
OMPA,gene:plasmid:91802,plasmid,0,1,0,3
OMPA,gene:plasmid:93463,plasmid,0,1,0,1
OMPA,gene:plasmid:93474,plasmid,0,1,0,1
OMPA,gene:plasmid:93475,plasmid,0,1,0,1
OMPA,gene:proph:163818,prophage,0,0,1,1
OMPA,gene:proph:163818,prophage,0,0,3,1
OMPA,gene:proph:163818,prophage,0,1,0,10
OMPA,gene:proph:170892,prophage,0,0,1,1
OMPA,gene:proph:173723,prophage,0,1,0,1
OMPA,gene:proph:173756,prophage,0,0,1,1
OMPA,gene:proph:173757,prophage,0,0,1,1
OMPA,gene:proph:173763,prophage,0,0,1,1
OMPA,gene:proph:173769,prophage,0,0,1,1
OMPA,gene:proph:173771,prophage,0,0,1,1
OMPA,gene:proph:173774,prophage,0,0,1,1
OMPA,gene:proph:173775,prophage,0,0,1,1
OMPA,gene:proph:173776,prophage,0,0,1,1
OMPA,gene:proph:173779,prophage,0,0,1,1
OMPA,gene:proph:173848,prophage,0,1,0,1
OMPA,gene:proph:173936,prophage,0,1,0,1
OMPA,gene:proph:174990,prophage,0,0,1,1
OMPA,gene:proph:174991,prophage,0,0,1,1
OMPA,gene:proph:174995,prophage,0,0,1,1
OMPA,gene:proph:174996,prophage,0,0,1,1
OMPA,gene:proph:174998,prophage,0,0,1,1
OMPA,gene:proph:175000,prophage,0,0,1,1
OMPA,gene:proph:175001,prophage,0,0,1,1
OMPA,gene:proph:175003,prophage,0,0,1,1
OMPA,gene:proph:175004,prophage,0,0,1,1
OMPA,gene:proph:175006,prophage,0,0,1,1
OMPA,gene:proph:175008,prophage,0,0,1,1
OMPA,gene:proph:175010,prophage,0,0,1,1
OMPA,gene:proph:175123,prophage,0,1,0,1
OMPA,gene:proph:183644,prophage,0,0,1,1
OMPA,gene:vir:105705,virus,0,1,0,1
OMPA,gene:vir:105780,virus,0,1,0,1
OMPA,gene:vir:7358,virus,0,0,1,1
OMPA,gene:vir:7358,virus,0,1,0,1
OQXA,gene:plasmid:116667,plasmid,0,1,0,1
OQXA,gene:plasmid:119871,plasmid,0,1,0,1
OQXA,gene:plasmid:119871,plasmid,0,1,1,1
OQXA,gene:plasmid:134726,plasmid,0,0,1,1
OQXA,gene:plasmid:136282,plasmid,0,0,1,1
OQXA,gene:plasmid:149415,plasmid,0,1,0,1
OQXA,gene:plasmid:149415,plasmid,0,1,1,1
OQXA,gene:plasmid:153884,plasmid,0,0,1,1
OQXA,gene:plasmid:154014,plasmid,0,1,0,2
OQXA,gene:plasmid:21842,plasmid,0,0,3,1
OQXA,gene:plasmid:21988,plasmid,0,1,1,1
OQXA,gene:plasmid:24693,plasmid,0,1,0,1
OQXA,gene:plasmid:91800,plasmid,0,0,1,1
OQXA,gene:plasmid:91801,plasmid,0,0,1,1
OQXA,gene:plasmid:91802,plasmid,0,0,1,1
OQXA,gene:plasmid:93474,plasmid,0,1,0,1
OQXA,gene:plasmid:93482,plasmid,0,1,0,1
OQXA,gene:plasmid:93486,plasmid,0,1,0,1
OQXA,gene:plasmid:93494,plasmid,0,1,0,1
OQXA,gene:proph:183597,prophage,0,0,1,1
OQXA,gene:vir:105028,virus,0,1,1,1
OQXB,gene:plasmid:119655,plasmid,0,1,0,3
OQXB,gene:plasmid:119658,plasmid,0,1,0,3
OQXB,gene:plasmid:123338,plasmid,0,1,0,1
OQXB,gene:plasmid:133691,plasmid,0,1,0,2
OQXB,gene:plasmid:134726,plasmid,0,1,0,1
OQXB,gene:plasmid:149414,plasmid,0,1,0,2
OQXB,gene:plasmid:149415,plasmid,0,1,0,4
OQXB,gene:plasmid:155970,plasmid,0,1,0,2
OQXB,gene:plasmid:157415,plasmid,0,1,0,2
OQXB,gene:plasmid:20177,plasmid,0,1,0,4
OQXB,gene:plasmid:21240,plasmid,0,1,0,3
OQXB,gene:plasmid:21818,plasmid,0,1,0,1
OQXB,gene:plasmid:21828,plasmid,0,1,0,4
OQXB,gene:plasmid:88436,plasmid,0,1,0,4
OQXB,gene:plasmid:88453,likely IS/TE,0,1,0,1
OQXB,gene:plasmid:88454,likely IS/TE,0,1,0,1
OQXB,gene:plasmid:93494,plasmid,0,1,0,4
OQXB,gene:proph:164876,prophage,0,1,0,1
OQXB,gene:proph:179307,prophage,0,1,0,1
OQXB,gene:vir:105035,virus,0,1,0,1
OQXB,gene:vir:105038,virus,0,1,0,1
OQXB,gene:vir:105041,virus,0,1,0,1
OQXB,gene:vir:105044,virus,0,1,0,1
OQXB,gene:vir:105050,virus,0,1,0,1
OQXB,gene:vir:105055,virus,0,1,0,1
OQXB,gene:vir:105063,virus,0,1,0,1
OQXB,gene:vir:105064,virus,0,1,0,1
OQXB,gene:vir:105067,virus,0,1,0,1
OQXB,gene:vir:105083,virus,0,1,0,1
OQXB,gene:vir:105087,virus,0,1,0,1
ORN,gene:plasmid:119655,plasmid,0,1,0,1
ORN,gene:plasmid:133691,plasmid,0,1,0,1
ORN,gene:plasmid:149414,plasmid,0,1,0,1
ORN,gene:plasmid:154014,plasmid,0,1,0,1
ORN,gene:plasmid:16033,likely IS/TE,0,1,0,1
ORN,gene:plasmid:91947,plasmid,0,1,0,1
ORN,gene:proph:164862,prophage,0,1,0,1
ORN,gene:proph:164865,prophage,0,1,0,1
ORN,gene:proph:175234,likely IS/TE,0,1,0,1
ORN,gene:proph:183019,prophage,0,1,0,1
OXA,gene:plasmid:117750,plasmid,0,0,3,1
OXA,gene:plasmid:117766,plasmid,0,0,3,1
OXY,gene:proph:164876,prophage,0,1,0,1
OXY,gene:proph:169505,prophage,0,1,0,1
OXY,gene:proph:173723,prophage,0,1,0,3
OXY,gene:proph:173848,prophage,0,1,0,1
OXY,gene:proph:176840,prophage,0,1,0,1
OXY,gene:vir:105705,virus,0,1,0,1
OXY,gene:vir:105780,virus,0,1,0,1
OXY,gene:vir:7358,virus,0,1,0,1
OXYRKP,gene:plasmid:157741,plasmid,0,1,0,1
OXYRKP,gene:plasmid:77826,likely IS/TE,0,1,0,1
PATB,gene:proph:175648,prophage,0,1,0,1
PBP4B,gene:proph:182641,prophage,0,0,3,1
PBP4B,gene:proph:182647,prophage,0,0,3,1
PBP4B,gene:proph:182649,prophage,0,0,3,1
PBP4B,gene:proph:183583,prophage,0,0,3,1
PBP4B,gene:proph:183597,prophage,0,0,3,1
PCOA,gene:plasmid:147501,plasmid,0,0,1,2
PCOA,gene:plasmid:153906,plasmid,0,1,0,2
PCOA,gene:plasmid:88312,plasmid,0,0,1,1
PCOA,gene:plasmid:88313,plasmid,0,0,1,1
PCOA,gene:plasmid:91980,plasmid,0,0,1,1
PCOE,gene:plasmid:123168,plasmid,0,0,1,1
PCOE,gene:plasmid:123168,plasmid,0,0,3,1
PCOE,gene:plasmid:123169,plasmid,0,0,1,1
PCOE,gene:plasmid:123169,plasmid,0,0,3,1
PCOE,gene:plasmid:123170,plasmid,0,0,1,1
PCOE,gene:plasmid:123170,plasmid,0,0,3,1
PCOE,gene:plasmid:123171,plasmid,0,0,1,1
PCOE,gene:plasmid:123171,plasmid,0,0,3,1
PCOE,gene:plasmid:123173,plasmid,0,0,1,1
PCOE,gene:plasmid:123173,plasmid,0,0,3,1
PCOE,gene:plasmid:123174,plasmid,0,0,1,1
PCOE,gene:plasmid:123174,plasmid,0,0,3,1
PCOE,gene:plasmid:123175,plasmid,0,0,1,1
PCOE,gene:plasmid:123175,plasmid,0,0,3,1
PCOE,gene:plasmid:156035,plasmid,0,1,0,1
PCOE,gene:plasmid:88298,plasmid,0,1,0,1
PCOE,gene:plasmid:88299,plasmid,0,1,0,1
PCOE,gene:plasmid:88300,likely IS/TE,0,1,0,1
PCOE,gene:plasmid:88301,likely IS/TE,0,1,0,1
PCOE,gene:plasmid:88302,plasmid,0,1,0,1
PCOE,gene:plasmid:88458,plasmid,0,1,0,1
PCOE,gene:plasmid:88459,plasmid,0,1,0,1
PCOE,gene:plasmid:88461,plasmid,0,1,0,1
PCOE,gene:plasmid:88462,plasmid,0,1,0,1
PCOE,gene:plasmid:88463,plasmid,0,1,0,1
PCOE,gene:plasmid:88465,plasmid,0,1,0,1
PCOE,gene:plasmid:88466,plasmid,0,1,0,1
PCOE,gene:plasmid:88468,plasmid,0,0,3,1
PCOE,gene:plasmid:88468,plasmid,0,1,0,1
PCOE,gene:plasmid:88472,plasmid,0,1,0,1
PCOE,gene:proph:183000,prophage,0,0,3,1
PHOR,gene:plasmid:155983,plasmid,0,1,0,1
PHOR,gene:plasmid:155991,plasmid,0,1,0,1
PHOR,gene:plasmid:156052,plasmid,0,1,0,1
PHOR,gene:plasmid:91918,plasmid,0,1,0,1
PHOR,gene:plasmid:91985,plasmid,0,1,0,1
PHOR,gene:proph:169464,prophage,0,1,0,2
PHOR,gene:proph:169511,prophage,0,1,0,1
PHOR,gene:proph:169512,prophage,0,1,0,2
PHOR,gene:proph:172517,prophage,0,1,0,2
PITA,gene:plasmid:117442,plasmid,0,0,1,1
PITA,gene:plasmid:154099,plasmid,0,0,1,1
PITA,gene:plasmid:154100,plasmid,0,0,1,1
PMRF,gene:plasmid:121874,likely IS/TE,0,0,3,1
PMRF,gene:plasmid:134726,plasmid,0,0,3,1
PMRF,gene:plasmid:16111,likely IS/TE,0,0,1,1
PMRF,gene:plasmid:24510,likely IS/TE,0,0,3,1
PMRF,gene:plasmid:25527,likely IS/TE,0,0,3,1
PMRF,gene:plasmid:88431,plasmid,0,0,3,1
PMRF,gene:plasmid:88432,plasmid,0,0,3,1
PMRF,gene:plasmid:88433,plasmid,0,0,3,1
PMRF,gene:proph:169135,prophage,0,0,1,1
PMRF,gene:proph:169138,prophage,0,0,1,1
PMRF,gene:proph:169140,prophage,0,0,1,1
PMRF,gene:proph:169142,prophage,0,0,1,1
PMRF,gene:proph:169143,prophage,0,0,1,1
PMRF,gene:proph:169150,prophage,0,0,1,1
PMRF,gene:proph:181039,prophage,0,0,1,1
PMRF,gene:proph:181040,prophage,0,0,1,1
PMRF,gene:proph:181047,prophage,0,0,1,1
PMRF,gene:proph:181048,prophage,0,0,1,1
PMRF,gene:proph:181050,prophage,0,0,1,1
PMRF,gene:proph:181052,prophage,0,0,1,1
PMRF,gene:proph:181054,prophage,0,0,1,1
PMRF,gene:proph:181059,prophage,0,0,1,1
PMRF,gene:proph:181060,prophage,0,0,1,1
PMRF,gene:proph:181061,prophage,0,0,1,1
PMRF,gene:proph:181062,prophage,0,0,1,1
PMRF,gene:proph:183012,prophage,0,0,3,1
PSTC,gene:plasmid:117671,plasmid,0,0,1,1
PSTC,gene:plasmid:117686,plasmid,0,0,1,1
PSTC,gene:plasmid:117701,plasmid,0,0,1,1
PSTC,gene:plasmid:123887,plasmid,0,0,1,1
PSTC,gene:plasmid:123888,plasmid,0,0,1,1
PSTC,gene:plasmid:28516,plasmid,0,0,1,1
PSTC,gene:proph:176833,prophage,0,0,1,1
PSTC,gene:proph:176835,prophage,0,0,1,1
PSTS,gene:plasmid:119683,likely IS/TE,0,0,1,1
PSTS,gene:plasmid:119684,likely IS/TE,0,0,1,1
PSTS,gene:plasmid:21818,plasmid,0,1,0,5
PSTS,gene:plasmid:85992,plasmid,0,1,0,1
PSTS,gene:plasmid:86276,plasmid,0,1,0,5
PSTS,gene:proph:163834,likely IS/TE,0,0,1,1
PSTS,gene:proph:176869,prophage,0,1,3,1
PSTS,gene:proph:179204,prophage,0,1,0,1
PSTS,gene:vir:108727,virus,0,1,0,1
PSTS,gene:vir:108728,virus,0,1,0,1
QACG,gene:plasmid:127986,likely IS/TE,0,1,0,1
QACG,gene:plasmid:15404,plasmid,0,1,0,1
QNRB,gene:plasmid:117744,likely IS/TE,0,1,0,1
QNRB,gene:plasmid:117746,likely IS/TE,0,1,0,1
QNRB,gene:plasmid:118151,plasmid,0,0,3,1
QNRB,gene:plasmid:120829,plasmid,0,0,3,1
QNRB,gene:plasmid:154014,plasmid,0,1,0,1
QNRB,gene:plasmid:25433,likely IS/TE,0,1,0,1
QNRB,gene:proph:175311,prophage,0,1,0,1
QNRD,Col3M_1__JX514065,Colicin_plasmid,0,0,1,1
RCNR,gene:proph:163807,prophage,0,0,3,1
RCNR,gene:proph:163814,prophage,0,0,1,1
RCNR,gene:proph:163814,prophage,0,0,3,1
RCNR,gene:proph:176915,prophage,0,0,1,1
RCNR,gene:proph:176917,prophage,0,0,1,1
RCNR,gene:proph:176922,prophage,0,0,3,1
RCNR,gene:proph:176924,prophage,0,0,1,1
RCNR,gene:proph:179438,prophage,0,0,1,1
RCNR,gene:proph:179438,prophage,0,1,0,1
RCNR,gene:vir:2013,virus,0,0,3,1
RCNR,gene:vir:2014,virus,0,0,1,1
RCNR,gene:vir:2015,virus,0,0,3,1
RCNR,gene:vir:2017,virus,0,0,1,1
RCNR,gene:vir:2022,virus,0,0,1,1
RCNR,gene:vir:2023,virus,0,0,3,1
RCNR,gene:vir:2024,virus,0,0,3,1
RCNR,gene:vir:2025,virus,0,0,1,1
RCNR,gene:vir:2025,virus,0,0,3,1
RCNR,gene:vir:2026,virus,0,0,3,1
RCNR,gene:vir:2027,virus,0,0,1,1
RCNR,gene:vir:2028,virus,0,0,3,1
RCNR,gene:vir:2030,virus,0,0,1,1
RCNR,gene:vir:2036,virus,0,0,3,1
RCNR,gene:vir:2040,virus,0,0,1,1
RCNR,gene:vir:2041,virus,0,0,1,1
RCNR,gene:vir:2043,virus,0,0,3,1
RCNR,gene:vir:2044,virus,0,0,3,1
RCNR,gene:vir:2045,virus,0,0,1,1
RCNR,gene:vir:2045,virus,0,0,3,1
RCNR,gene:vir:2046,virus,0,0,1,1
RCNR,gene:vir:2046,virus,0,0,3,1
RCNR,gene:vir:2050,virus,0,0,1,1
RCNR,gene:vir:2050,virus,0,0,3,1
RCNR,gene:vir:2052,virus,0,0,1,1
RCNR,gene:vir:5693,virus,0,0,1,1
RCNR,gene:vir:5698,virus,0,0,1,1
RCNR,gene:vir:5698,virus,0,0,3,1
RCNR,gene:vir:5699,virus,0,0,3,1
RCNR,gene:vir:5705,virus,0,0,1,1
RCNR,gene:vir:5706,virus,0,0,3,1
RCNR,gene:vir:5707,virus,0,0,1,1
RCNR,gene:vir:5707,virus,0,0,3,1
RCNR,gene:vir:5708,virus,0,0,1,1
RCNR,gene:vir:5708,virus,0,0,3,1
RCNR,gene:vir:5709,virus,0,0,1,1
RCNR,gene:vir:5711,virus,0,0,3,1
RCNR,gene:vir:5713,virus,0,0,1,1
RCNR,gene:vir:5713,virus,0,0,3,1
RCNR,gene:vir:5718,virus,0,0,1,1
RCNR,gene:vir:5723,virus,0,0,1,1
RCNR,gene:vir:5725,virus,0,0,1,1
RCNR,gene:vir:5725,virus,0,0,3,1
RCNR,gene:vir:5727,virus,0,0,1,1
RCNR,gene:vir:5727,virus,0,0,3,1
RCNR,gene:vir:6059,virus,0,0,3,1
RCNR,gene:vir:6061,virus,0,0,1,1
RCNR,gene:vir:6061,virus,0,0,3,1
RCNR,gene:vir:6062,virus,0,0,3,1
RCNR,gene:vir:6063,virus,0,0,1,1
RCNR,gene:vir:6063,virus,0,0,3,1
RCNR,gene:vir:6064,virus,0,0,1,1
RCNR,gene:vir:6064,virus,0,0,3,1
RCNR,gene:vir:6066,virus,0,0,1,1
RCNR,gene:vir:6067,virus,0,0,3,1
RCNR,gene:vir:6068,virus,0,0,1,1
RCNR,gene:vir:6069,virus,0,0,1,1
RCNR,gene:vir:6071,virus,0,0,1,1
RCNR,gene:vir:6072,virus,0,0,1,1
RCNR,gene:vir:6073,virus,0,0,3,1
RCNR,gene:vir:6079,virus,0,0,1,1
RCNR,gene:vir:6080,virus,0,0,1,1
ROBA,gene:plasmid:142025,likely IS/TE,0,0,1,1
ROBA,gene:proph:169120,prophage,0,1,0,1
ROBA,gene:proph:175229,prophage,0,1,0,1
ROBA,gene:proph:176736,prophage,0,1,0,1
ROBA,gene:proph:176737,prophage,0,1,0,1
ROBA,gene:proph:176738,prophage,0,1,0,1
ROBA,gene:proph:176739,prophage,0,1,0,1
ROBA,gene:proph:176833,prophage,0,1,0,1
ROBA,gene:proph:176835,prophage,0,1,0,1
ROBA,gene:proph:177622,prophage,0,1,0,1
ROBA,gene:proph:179430,prophage,0,1,0,1
ROBA,gene:proph:181113,prophage,0,1,0,1
ROBA,gene:proph:181148,prophage,0,1,0,1
ROBA,gene:proph:181149,prophage,0,1,0,1
ROBA,gene:proph:181157,prophage,0,1,0,1
ROBA,gene:proph:181161,prophage,0,1,0,1
ROBA,gene:vir:108646,virus,0,1,0,1
ROBA,gene:vir:4544,virus,0,1,0,1
ROBA,gene:vir:4546,virus,0,1,0,1
ROBA,gene:vir:473,virus,0,1,0,1
ROBA,gene:vir:475,virus,0,1,0,1
ROBA,gene:vir:477,virus,0,1,0,1
ROBA,gene:vir:478,virus,0,1,0,1
ROBA,gene:vir:499,virus,0,1,0,1
ROBA,gene:vir:79542,virus,0,1,0,1
ROBA,gene:vir:79543,virus,0,1,0,1
ROBA,gene:vir:79545,virus,0,1,0,1
ROBA,gene:vir:79547,virus,0,1,0,1
ROBA,gene:vir:79561,virus,0,1,0,1
ROBA,gene:vir:79570,virus,0,1,0,1
ROBA,gene:vir:79572,virus,0,1,0,1
ROBA,gene:vir:79581,virus,0,1,0,1
RPOS,gene:plasmid:117744,likely IS/TE,0,1,1,1
RPOS,gene:plasmid:117746,likely IS/TE,0,1,1,1
RPOS,gene:plasmid:158858,plasmid,0,0,1,1
RPOS,gene:plasmid:21336,plasmid,0,1,1,1
RPOS,gene:plasmid:21842,plasmid,0,0,1,1
RPOS,gene:plasmid:21842,plasmid,0,1,0,5
RPOS,gene:plasmid:21843,plasmid,0,1,0,2
RPOS,gene:plasmid:21843,plasmid,0,1,1,1
RPOS,gene:plasmid:88431,plasmid,0,1,0,1
RPOS,gene:plasmid:88432,plasmid,0,1,0,1
RPOS,gene:plasmid:88433,plasmid,0,1,0,1
RPOS,gene:proph:176076,prophage,1,0,3,1
RPOS,gene:proph:176745,prophage,1,0,3,1
RPOS,gene:proph:176799,prophage,1,0,3,1
RPOS,gene:proph:176800,prophage,1,0,3,1
RPOS,gene:proph:179486,prophage,1,0,3,1
RPOS,gene:proph:179489,prophage,1,0,3,1
RPOS,gene:proph:179490,prophage,1,0,3,1
RPOS,gene:proph:181090,prophage,1,0,3,1
RPOS,gene:proph:181113,prophage,1,0,3,1
RPOS,gene:proph:181149,prophage,1,0,3,1
RPOS,gene:proph:181158,prophage,1,0,3,1
RPOS,gene:proph:181159,prophage,1,0,3,1
RPOS,gene:proph:181161,prophage,1,0,3,1
RPOS,gene:proph:181165,prophage,1,0,3,1
RPOS,gene:proph:183012,prophage,0,1,0,1
RPOS,gene:proph:183019,prophage,0,1,0,1
RPOS,gene:vir:108727,virus,1,0,3,1
RPOS,gene:vir:108728,virus,1,0,3,1
RPOS,gene:vir:4537,virus,1,0,3,1
RPOS,gene:vir:4542,virus,1,0,3,1
RPOS,gene:vir:4543,virus,1,0,3,1
RPOS,gene:vir:4544,virus,1,0,3,1
RPOS,gene:vir:4546,virus,1,0,3,1
RPOS,gene:vir:79545,virus,1,0,3,1
RPOS,gene:vir:79547,virus,1,0,3,1
RPOS,gene:vir:79550,virus,1,0,3,1
RPOS,gene:vir:79569,virus,1,0,3,1
RPOS,gene:vir:79572,virus,1,0,3,1
SDEY,gene:proph:176891,prophage,0,1,0,1
SHV,gene:plasmid:16025,likely IS/TE,0,0,1,2
SHV,gene:plasmid:16025,likely IS/TE,0,0,3,1
SHV,gene:plasmid:16025,likely IS/TE,0,1,0,5
SHV,gene:plasmid:16026,plasmid,0,0,1,2
SHV,gene:plasmid:16026,plasmid,0,0,3,1
SHV,gene:plasmid:16026,plasmid,0,1,0,5
SHV,gene:plasmid:16027,plasmid,0,0,1,2
SHV,gene:plasmid:16027,plasmid,0,0,3,1
SHV,gene:plasmid:16027,plasmid,0,1,0,5
SHV,gene:plasmid:16028,plasmid,0,0,3,1
SHV,gene:plasmid:16028,plasmid,0,1,0,4
SHV,gene:plasmid:16029,plasmid,0,0,1,1
SHV,gene:plasmid:16029,plasmid,0,1,0,4
SHV,gene:plasmid:16031,plasmid,0,0,1,1
SHV,gene:plasmid:16031,plasmid,0,0,3,2
SHV,gene:plasmid:16031,plasmid,0,1,0,5
SHV,gene:plasmid:16032,plasmid,0,0,1,1
SHV,gene:plasmid:16032,plasmid,0,0,3,2
SHV,gene:plasmid:16032,plasmid,0,1,0,5
SHV,gene:plasmid:16033,likely IS/TE,0,0,1,1
SHV,gene:plasmid:16033,likely IS/TE,0,0,3,1
SHV,gene:plasmid:16033,likely IS/TE,0,1,0,2
SHV,gene:plasmid:83736,likely IS/TE,0,0,3,1
SHV,gene:plasmid:83736,likely IS/TE,0,1,0,3
SHV,gene:plasmid:92146,plasmid,0,0,1,1
SHV,gene:plasmid:92146,plasmid,0,0,3,1
SHV,gene:plasmid:92146,plasmid,0,1,0,1
SHV,gene:plasmid:92147,plasmid,0,0,1,3
SHV,gene:plasmid:92147,plasmid,0,1,0,1
SILA,gene:plasmid:147496,plasmid,0,1,0,1
SILA,gene:plasmid:155964,plasmid,0,0,1,1
SILA,gene:plasmid:93486,plasmid,0,1,0,1
SILB,gene:plasmid:147495,plasmid,0,1,0,1
SILB,gene:plasmid:153905,plasmid,0,1,0,1
SILB,gene:plasmid:153906,plasmid,0,1,0,1
SILC,gene:plasmid:109270,likely IS/TE,0,0,1,1
SILC,gene:plasmid:117744,likely IS/TE,0,0,1,1
SILC,gene:plasmid:117746,likely IS/TE,0,0,1,1
SILC,gene:plasmid:119366,likely IS/TE,0,0,1,1
SILC,gene:plasmid:121554,plasmid,0,1,1,1
SILC,gene:plasmid:135994,plasmid,0,0,1,1
SILC,gene:plasmid:136001,plasmid,0,0,1,1
SILC,gene:plasmid:139613,plasmid,0,0,3,1
SILC,gene:plasmid:139642,plasmid,0,1,0,1
SILC,gene:plasmid:139674,plasmid,0,0,1,1
SILC,gene:plasmid:139674,plasmid,0,0,3,1
SILC,gene:plasmid:147172,plasmid,0,1,0,1
SILC,gene:plasmid:147501,plasmid,0,1,0,1
SILC,gene:plasmid:151265,likely IS/TE,0,1,0,1
SILC,gene:plasmid:151267,likely IS/TE,0,1,0,1
SILC,gene:plasmid:153900,plasmid,0,1,0,2
SILC,gene:plasmid:153901,plasmid,0,1,0,2
SILC,gene:plasmid:153902,plasmid,0,1,0,2
SILC,gene:plasmid:153903,plasmid,0,0,3,1
SILC,gene:plasmid:153905,plasmid,0,0,1,1
SILC,gene:plasmid:153906,plasmid,0,0,1,1
SILC,gene:plasmid:153906,plasmid,0,0,3,1
SILC,gene:plasmid:153906,plasmid,0,1,0,2
SILC,gene:plasmid:153906,plasmid,0,1,1,1
SILC,gene:plasmid:153907,plasmid,0,1,0,1
SILC,gene:plasmid:153908,plasmid,0,0,3,1
SILC,gene:plasmid:153909,plasmid,0,0,3,1
SILC,gene:plasmid:153913,plasmid,0,0,3,1
SILC,gene:plasmid:153914,plasmid,0,0,3,1
SILC,gene:plasmid:153926,plasmid,0,0,3,1
SILC,gene:plasmid:153927,plasmid,0,0,3,1
SILC,gene:plasmid:154026,plasmid,0,1,0,2
SILC,gene:plasmid:154099,plasmid,0,1,0,1
SILC,gene:plasmid:154100,plasmid,0,1,0,1
SILC,gene:plasmid:154101,plasmid,0,1,0,1
SILC,gene:plasmid:154102,plasmid,0,1,0,2
SILC,gene:plasmid:155952,plasmid,0,0,3,1
SILC,gene:plasmid:155952,plasmid,0,1,1,1
SILC,gene:plasmid:155964,plasmid,0,0,3,2
SILC,gene:plasmid:155964,plasmid,0,1,0,4
SILC,gene:plasmid:155964,plasmid,0,1,1,1
SILC,gene:plasmid:155972,plasmid,0,0,1,1
SILC,gene:plasmid:155972,plasmid,0,1,0,1
SILC,gene:plasmid:156035,plasmid,0,1,1,1
SILC,gene:plasmid:156053,plasmid,0,0,3,1
SILC,gene:plasmid:156084,plasmid,0,1,0,2
SILC,gene:plasmid:156110,plasmid,0,0,1,1
SILC,gene:plasmid:156119,plasmid,0,1,1,1
SILC,gene:plasmid:156123,plasmid,0,0,1,1
SILC,gene:plasmid:156134,plasmid,0,1,1,1
SILC,gene:plasmid:156145,plasmid,0,0,3,1
SILC,gene:plasmid:156145,plasmid,0,1,1,1
SILC,gene:plasmid:156176,plasmid,0,0,1,2
SILC,gene:plasmid:156176,plasmid,0,1,0,1
SILC,gene:plasmid:156782,likely IS/TE,0,1,0,1
SILC,gene:plasmid:15988,plasmid,0,0,1,1
SILC,gene:plasmid:25527,likely IS/TE,0,1,0,1
SILC,gene:plasmid:31083,plasmid,0,1,0,1
SILC,gene:plasmid:88299,plasmid,0,1,0,1
SILC,gene:plasmid:88303,plasmid,0,1,0,1
SILC,gene:plasmid:88308,plasmid,0,1,0,1
SILC,gene:plasmid:88312,plasmid,0,0,1,2
SILC,gene:plasmid:88313,plasmid,0,1,0,1
SILC,gene:plasmid:88313,plasmid,0,1,1,1
SILC,gene:plasmid:88314,plasmid,0,0,3,1
SILC,gene:plasmid:88314,plasmid,0,1,0,1
SILC,gene:plasmid:88353,plasmid,0,1,0,1
SILC,gene:plasmid:88354,plasmid,0,1,0,1
SILC,gene:plasmid:88358,plasmid,0,1,0,1
SILC,gene:plasmid:88359,plasmid,0,1,0,1
SILC,gene:plasmid:88435,plasmid,0,0,1,1
SILC,gene:plasmid:88436,plasmid,0,0,1,1
SILC,gene:plasmid:88437,plasmid,0,0,1,1
SILC,gene:plasmid:88444,likely IS/TE,0,0,1,1
SILC,gene:plasmid:88459,plasmid,0,1,1,1
SILC,gene:plasmid:88461,plasmid,0,1,1,1
SILC,gene:plasmid:88462,plasmid,0,1,1,1
SILC,gene:plasmid:88472,plasmid,0,1,0,1
SILC,gene:plasmid:88473,plasmid,0,1,0,1
SILC,gene:plasmid:88474,plasmid,0,1,0,1
SILC,gene:plasmid:88475,plasmid,0,1,0,1
SILC,gene:plasmid:88476,plasmid,0,1,0,1
SILC,gene:plasmid:88824,plasmid,0,1,1,1
SILC,gene:plasmid:91743,plasmid,0,0,1,1
SILC,gene:plasmid:91763,plasmid,0,0,1,1
SILC,gene:plasmid:91925,plasmid,0,0,1,1
SILC,gene:plasmid:91966,likely IS/TE,0,0,1,1
SILC,gene:plasmid:91980,plasmid,0,0,3,1
SILC,gene:plasmid:92088,plasmid,0,1,0,1
SILC,gene:plasmid:92141,plasmid,0,0,1,1
SILC,gene:proph:169078,likely IS/TE,0,1,0,1
SILC,gene:proph:183012,prophage,0,1,0,1
SILE,gene:plasmid:139674,plasmid,0,1,0,1
SILE,gene:plasmid:153900,plasmid,0,1,0,1
SILE,gene:plasmid:153901,plasmid,0,1,0,1
SILE,gene:plasmid:153902,plasmid,0,1,0,1
SILE,gene:plasmid:153903,plasmid,0,1,0,1
SILE,gene:plasmid:154099,plasmid,0,1,0,1
SILE,gene:plasmid:154100,plasmid,0,1,0,1
SILE,gene:plasmid:154101,plasmid,0,1,0,1
SILE,gene:plasmid:154102,plasmid,0,1,0,1
SILE,gene:plasmid:155986,likely IS/TE,0,1,0,1
SILE,gene:plasmid:156119,plasmid,0,1,0,1
SILE,gene:plasmid:156145,plasmid,0,1,0,1
SILE,gene:plasmid:158895,plasmid,0,1,0,2
SILE,gene:plasmid:158896,plasmid,0,1,0,2
SILE,gene:plasmid:15990,plasmid,0,1,0,1
SILE,gene:plasmid:91742,plasmid,0,1,0,1
SILE,gene:plasmid:91743,plasmid,0,1,0,1
SILE,gene:plasmid:92044,plasmid,0,1,0,2
SILE,gene:plasmid:92045,plasmid,0,1,0,1
SILF,gene:plasmid:153906,plasmid,0,1,0,1
SILF,gene:plasmid:155964,plasmid,0,1,0,1
SILP,gene:plasmid:117744,likely IS/TE,0,1,0,1
SILP,gene:plasmid:134726,plasmid,0,1,0,1
SILP,gene:plasmid:139674,plasmid,0,1,0,2
SILP,gene:plasmid:147498,plasmid,0,1,0,1
SILP,gene:plasmid:153901,plasmid,0,0,3,1
SILP,gene:plasmid:153902,plasmid,0,0,3,1
SILP,gene:plasmid:153903,plasmid,0,0,1,2
SILP,gene:plasmid:153903,plasmid,0,0,3,1
SILP,gene:plasmid:153903,plasmid,0,1,0,2
SILP,gene:plasmid:153905,plasmid,1,0,3,2
SILP,gene:plasmid:153906,plasmid,0,1,0,2
SILP,gene:plasmid:153906,plasmid,1,0,3,2
SILP,gene:plasmid:153907,plasmid,0,1,0,1
SILP,gene:plasmid:153907,plasmid,1,0,3,2
SILP,gene:plasmid:154026,plasmid,0,1,0,1
SILP,gene:plasmid:154064,plasmid,0,1,0,1
SILP,gene:plasmid:154099,plasmid,0,0,3,1
SILP,gene:plasmid:154100,plasmid,0,0,3,1
SILP,gene:plasmid:155925,plasmid,0,1,0,1
SILP,gene:plasmid:155943,plasmid,0,1,0,1
SILP,gene:plasmid:155964,plasmid,0,0,1,1
SILP,gene:plasmid:155964,plasmid,0,1,0,4
SILP,gene:plasmid:155994,likely IS/TE,0,1,0,1
SILP,gene:plasmid:156084,plasmid,0,1,0,1
SILP,gene:plasmid:156110,plasmid,0,1,0,2
SILP,gene:plasmid:156119,plasmid,0,1,0,2
SILP,gene:plasmid:156123,plasmid,0,1,0,2
SILP,gene:plasmid:156134,plasmid,0,1,0,1
SILP,gene:plasmid:156145,plasmid,0,1,0,2
SILP,gene:plasmid:156176,plasmid,0,1,0,2
SILP,gene:plasmid:15825,plasmid,0,1,0,1
SILP,gene:plasmid:15988,plasmid,0,1,0,1
SILP,gene:plasmid:83606,plasmid,0,1,0,1
SILP,gene:plasmid:84591,plasmid,0,1,0,1
SILP,gene:plasmid:84603,plasmid,0,1,0,1
SILP,gene:plasmid:88316,plasmid,0,0,3,1
SILP,gene:plasmid:88330,plasmid,0,1,0,2
SILP,gene:plasmid:88331,plasmid,0,1,0,2
SILP,gene:plasmid:88334,plasmid,0,1,0,1
SILP,gene:plasmid:88336,plasmid,0,1,0,2
SILP,gene:plasmid:88337,plasmid,0,1,0,2
SILP,gene:plasmid:88338,plasmid,0,1,0,1
SILP,gene:plasmid:88339,plasmid,0,1,0,1
SILP,gene:plasmid:88340,plasmid,0,1,0,1
SILP,gene:plasmid:88360,likely IS/TE,0,1,0,1
SILP,gene:plasmid:88409,plasmid,0,1,0,1
SILP,gene:plasmid:88435,plasmid,0,1,0,1
SILP,gene:plasmid:88436,plasmid,0,1,0,1
SILP,gene:plasmid:88437,plasmid,0,1,0,1
SILP,gene:plasmid:88444,likely IS/TE,0,1,0,1
SILP,gene:plasmid:88464,plasmid,0,1,0,1
SILP,gene:plasmid:88465,plasmid,0,1,0,1
SILP,gene:plasmid:91743,plasmid,0,1,0,1
SILP,gene:plasmid:91980,plasmid,0,1,0,1
SILP,gene:plasmid:92044,plasmid,0,1,0,1
SILP,gene:plasmid:92045,plasmid,0,1,0,1
SILP,gene:plasmid:92139,plasmid,0,1,0,1
SILS,gene:plasmid:139674,plasmid,0,1,0,1
SILS,gene:plasmid:155925,plasmid,0,1,0,1
SITABCD,gene:plasmid:123291,plasmid,0,0,1,1
SITABCD,gene:plasmid:123291,plasmid,0,0,3,1
SITABCD,gene:plasmid:123291,plasmid,0,1,0,3
SITABCD,gene:plasmid:123291,plasmid,1,0,3,1
SITABCD,gene:plasmid:123292,plasmid,0,0,1,1
SITABCD,gene:plasmid:123292,plasmid,0,0,3,1
SITABCD,gene:plasmid:123292,plasmid,0,1,0,2
SITABCD,gene:plasmid:123292,plasmid,1,0,3,1
SITABCD,gene:plasmid:123293,plasmid,0,0,1,1
SITABCD,gene:plasmid:123293,plasmid,0,0,3,1
SITABCD,gene:plasmid:123293,plasmid,0,1,0,2
SITABCD,gene:plasmid:123293,plasmid,1,0,3,1
SITABCD,gene:plasmid:123294,plasmid,0,0,1,1
SITABCD,gene:plasmid:123294,plasmid,0,0,3,1
SITABCD,gene:plasmid:123294,plasmid,0,1,0,2
SITABCD,gene:plasmid:123294,plasmid,1,0,3,1
SITABCD,gene:plasmid:123295,plasmid,0,0,1,1
SITABCD,gene:plasmid:123295,plasmid,0,0,3,1
SITABCD,gene:plasmid:123295,plasmid,0,1,0,2
SITABCD,gene:plasmid:123295,plasmid,1,0,3,1
SITABCD,gene:plasmid:123306,plasmid,0,0,1,1
SITABCD,gene:plasmid:123314,plasmid,0,0,1,1
SITABCD,gene:plasmid:123314,plasmid,0,0,3,1
SITABCD,gene:plasmid:123314,plasmid,0,1,0,2
SITABCD,gene:plasmid:123314,plasmid,1,0,3,1
SITABCD,gene:plasmid:123315,plasmid,0,1,0,1
SITABCD,gene:plasmid:123316,plasmid,0,0,1,1
SITABCD,gene:plasmid:123316,plasmid,0,0,3,1
SITABCD,gene:plasmid:123316,plasmid,0,1,0,2
SITABCD,gene:plasmid:123316,plasmid,1,0,3,1
SITABCD,gene:plasmid:123317,plasmid,0,0,1,1
SITABCD,gene:plasmid:123317,plasmid,0,0,3,1
SITABCD,gene:plasmid:123317,plasmid,0,1,0,1
SITABCD,gene:plasmid:123317,plasmid,1,0,3,1
SITABCD,gene:plasmid:123318,plasmid,0,0,1,1
SITABCD,gene:plasmid:123318,plasmid,0,0,3,1
SITABCD,gene:plasmid:123318,plasmid,0,1,0,2
SITABCD,gene:plasmid:123318,plasmid,1,0,3,1
SITABCD,gene:plasmid:123319,plasmid,0,0,1,1
SITABCD,gene:plasmid:123319,plasmid,0,0,3,1
SITABCD,gene:plasmid:123319,plasmid,0,1,0,2
SITABCD,gene:plasmid:123319,plasmid,1,0,3,1
SITABCD,gene:plasmid:16046,plasmid,0,1,0,1
SITABCD,gene:plasmid:16047,plasmid,0,1,0,1
SITABCD,gene:plasmid:27818,plasmid,0,0,1,1
SITABCD,gene:plasmid:93448,plasmid,0,0,1,1
SITABCD,gene:proph:163041,prophage,0,1,0,1
SITABCD,gene:proph:172449,prophage,0,1,0,1
SITABCD,gene:proph:172452,prophage,0,1,0,1
SITABCD,gene:proph:176068,prophage,0,0,1,1
SITABCD,gene:proph:176074,prophage,0,0,1,1
SITABCD,gene:proph:176076,prophage,0,1,0,1
SITABCD,gene:proph:176710,prophage,0,1,0,1
SITABCD,gene:proph:176778,prophage,0,0,1,1
SITABCD,gene:proph:176783,prophage,0,0,1,1
SITABCD,gene:proph:176800,prophage,0,0,1,1
SITABCD,gene:proph:176816,prophage,0,1,0,1
SITABCD,gene:proph:177577,prophage,0,1,0,1
SITABCD,gene:proph:179433,prophage,0,0,1,3
SITABCD,gene:proph:179433,prophage,0,1,0,1
SITABCD,gene:proph:181121,prophage,0,1,0,1
SITABCD,gene:proph:181174,prophage,0,0,1,1
SITABCD,gene:vir:93603,virus,0,1,0,1
SMDA,gene:plasmid:130030,plasmid,0,1,0,1
SMDA,gene:plasmid:24609,plasmid,0,1,0,2
SMDA,gene:proph:163818,prophage,0,1,0,1
SMDA,gene:proph:170892,prophage,0,0,1,1
SMDA,gene:proph:170892,prophage,0,1,0,3
SMDA,gene:proph:173723,prophage,0,1,0,2
SMDA,gene:proph:175139,prophage,0,1,0,1
SMDA,gene:vir:7358,virus,0,1,0,1
SMVA,gene:plasmid:149414,plasmid,0,1,0,1
SODA,gene:plasmid:119871,plasmid,0,1,0,2
SODB,ICEberg|74|ICEEcIHE3034-1|G...,ICE,0,0,3,2
SODB,gene:plasmid:154014,plasmid,0,0,1,1
SODB,gene:plasmid:155982,plasmid,0,0,3,2
SODB,gene:plasmid:156169,plasmid,0,0,3,2
SODB,gene:proph:179433,prophage,0,1,0,1
SODB,gene:proph:179434,prophage,0,1,0,1
SODB,gene:proph:183581,prophage,0,0,3,2
SODB,gene:vir:105780,virus,0,1,0,1
SODB,gene:vir:105781,virus,0,1,0,1
SOXRB,gene:plasmid:109300,plasmid,0,1,0,1
SOXRB,gene:plasmid:123300,plasmid,0,0,3,1
SOXRB,gene:vir:1321,virus,0,1,0,1
SUGE,gene:plasmid:109300,plasmid,0,0,1,3
SUGE,gene:plasmid:109300,plasmid,0,0,3,2
SUGE,gene:plasmid:109300,plasmid,0,1,0,2
SUGE,gene:plasmid:109300,plasmid,0,1,3,3
SUGE,gene:plasmid:109300,plasmid,1,0,3,1
SUGE,gene:plasmid:114253,likely IS/TE,0,0,3,2
SUGE,gene:plasmid:117440,plasmid,0,1,0,1
SUGE,gene:plasmid:119689,likely IS/TE,0,1,0,1
SUGE,gene:plasmid:121473,likely IS/TE,0,0,3,1
SUGE,gene:plasmid:123353,likely IS/TE,0,0,1,1
SUGE,gene:plasmid:155982,plasmid,0,1,0,1
SUGE,gene:plasmid:156169,plasmid,0,1,0,1
SUGE,gene:plasmid:15811,likely IS/TE,0,1,0,1
SUGE,gene:plasmid:25253,likely IS/TE,0,0,3,1
SUGE,gene:plasmid:25357,likely IS/TE,0,0,3,1
SUGE,gene:plasmid:25643,likely IS/TE,0,0,1,1
SUGE,gene:plasmid:25643,likely IS/TE,0,0,3,1
SUGE,gene:plasmid:88431,plasmid,0,1,0,1
SUGE,gene:plasmid:88432,plasmid,0,1,0,1
SUGE,gene:plasmid:88433,plasmid,0,1,0,1
SUGE,gene:proph:169080,prophage,0,0,1,1
SUGE,gene:proph:169080,prophage,0,1,0,1
SUGE,gene:vir:1321,virus,0,1,0,1
SULI,gene:plasmid:158595,plasmid,0,0,1,1
SULI,gene:plasmid:87421,plasmid,0,0,1,1
SULII,IncB/O/K/Z_2__GU256641,Inc_plasmid,0,1,0,1
SULII,gene:plasmid:114186,plasmid,0,1,0,1
SULII,gene:plasmid:117715,plasmid,0,1,0,1
SULII,gene:plasmid:117738,plasmid,0,1,0,1
SULII,gene:plasmid:117739,plasmid,0,1,0,1
SULII,gene:plasmid:117740,plasmid,0,1,0,1
SULII,gene:plasmid:117818,plasmid,0,1,0,1
SULII,gene:plasmid:117823,plasmid,0,1,0,1
SULII,gene:plasmid:121397,plasmid,0,1,0,1
SULII,gene:plasmid:121398,plasmid,0,1,0,1
SULII,gene:plasmid:121399,plasmid,0,1,0,1
SULII,gene:plasmid:121400,plasmid,0,1,0,1
SULII,gene:plasmid:121401,plasmid,0,1,0,1
SULII,gene:plasmid:121403,plasmid,0,1,0,1
SULII,gene:plasmid:121404,plasmid,0,1,0,1
SULII,gene:plasmid:121405,plasmid,0,1,0,1
SULII,gene:plasmid:121406,plasmid,0,1,0,1
SULII,gene:plasmid:121408,plasmid,0,1,0,1
SULII,gene:plasmid:121409,plasmid,0,1,0,1
SULII,gene:plasmid:121489,plasmid,0,1,0,1
SULII,gene:plasmid:121495,plasmid,0,1,0,1
SULII,gene:plasmid:121496,plasmid,0,1,0,1
SULII,gene:plasmid:121498,plasmid,0,1,0,1
SULII,gene:plasmid:121499,plasmid,0,1,0,1
SULII,gene:plasmid:121500,plasmid,0,1,0,1
SULII,gene:plasmid:121505,plasmid,0,1,0,1
SULII,gene:plasmid:121506,plasmid,0,1,0,1
SULII,gene:plasmid:121507,likely IS/TE,0,1,0,1
SULII,gene:plasmid:121508,plasmid,0,1,0,1
SULII,gene:plasmid:121510,plasmid,0,1,0,1
SULII,gene:plasmid:121523,plasmid,0,1,0,1
SULII,gene:plasmid:121554,plasmid,0,1,0,1
SULII,gene:plasmid:121555,plasmid,0,1,0,1
SULII,gene:plasmid:121556,plasmid,0,1,0,1
SULII,gene:plasmid:121557,plasmid,0,1,0,1
SULII,gene:plasmid:121558,plasmid,0,1,0,1
SULII,gene:plasmid:121559,plasmid,0,1,0,1
SULII,gene:plasmid:121560,plasmid,0,1,0,1
SULII,gene:plasmid:121561,plasmid,0,1,0,1
SULII,gene:plasmid:121562,plasmid,0,1,0,1
SULII,gene:plasmid:121564,plasmid,0,1,0,1
SULII,gene:plasmid:121577,plasmid,0,1,0,1
SULII,gene:plasmid:121578,plasmid,0,1,0,1
SULII,gene:plasmid:121579,plasmid,0,1,0,1
SULII,gene:plasmid:121580,plasmid,0,1,0,1
SULII,gene:plasmid:121582,plasmid,0,1,0,1
SULII,gene:plasmid:121583,plasmid,0,1,0,1
SULII,gene:plasmid:121584,plasmid,0,1,0,1
SULII,gene:plasmid:121585,plasmid,0,1,0,1
SULII,gene:plasmid:121892,plasmid,0,1,0,1
SULII,gene:plasmid:129174,likely IS/TE,0,0,1,1
SULII,gene:plasmid:130001,plasmid,0,0,3,1
SULII,gene:plasmid:130003,plasmid,0,0,3,1
SULII,gene:plasmid:130006,likely IS/TE,0,0,3,1
SULII,gene:plasmid:130008,plasmid,0,0,3,1
SULII,gene:plasmid:140955,plasmid,0,0,1,1
SULII,gene:plasmid:140955,plasmid,0,1,0,2
SULII,gene:plasmid:141250,plasmid,0,0,1,1
SULII,gene:plasmid:148218,plasmid,0,1,0,1
SULII,gene:plasmid:157713,plasmid,0,1,0,1
SULII,gene:plasmid:158874,plasmid,0,1,0,1
SULII,gene:plasmid:158916,plasmid,0,0,1,2
SULII,gene:plasmid:158916,plasmid,0,1,0,1
SULII,gene:plasmid:158916,plasmid,1,0,3,1
SULII,gene:plasmid:19406,plasmid,0,1,0,1
SULII,gene:plasmid:19408,plasmid,0,1,0,1
SULII,gene:plasmid:19409,plasmid,0,1,0,1
SULII,gene:plasmid:19728,plasmid,0,1,0,1
SULII,gene:plasmid:19743,plasmid,0,0,1,1
SULII,gene:plasmid:19743,plasmid,1,0,3,1
SULII,gene:plasmid:19744,plasmid,0,0,1,1
SULII,gene:plasmid:24263,plasmid,0,0,1,1
SULII,gene:plasmid:24263,plasmid,0,1,0,1
SULII,gene:plasmid:24743,plasmid,0,1,0,1
SULII,gene:plasmid:30134,plasmid,0,0,3,1
TEHA,gene:plasmid:15838,likely IS/TE,0,1,0,1
TEHA,gene:proph:159061,prophage,0,0,3,1
TEHA,gene:proph:163845,prophage,0,0,3,1
TEHA,gene:proph:163940,prophage,0,0,3,1
TEHA,gene:proph:176075,prophage,0,0,1,1
TEHA,gene:proph:176076,prophage,0,0,1,1
TEHA,gene:proph:182930,prophage,0,0,3,1
TEHA,gene:vir:1321,virus,0,0,1,2
TEHA,gene:vir:1321,virus,0,0,3,1
TEHA,gene:vir:1321,virus,0,1,0,2
TEM,gene:plasmid:119647,plasmid,0,1,3,1
TEM,gene:plasmid:119649,plasmid,0,0,3,1
TEM,gene:plasmid:119649,plasmid,0,1,3,1
TEM,gene:plasmid:123182,plasmid,0,0,1,1
TEM,gene:plasmid:123182,plasmid,0,0,3,1
TEM,gene:plasmid:123182,plasmid,0,1,3,1
TEM,gene:plasmid:123312,plasmid,0,0,3,1
TEM,gene:plasmid:123367,likely IS/TE,0,1,0,1
TEM,gene:plasmid:139598,plasmid,0,0,1,1
TEM,gene:plasmid:139599,plasmid,0,0,3,1
TEM,gene:plasmid:139599,plasmid,0,1,0,1
TEM,gene:plasmid:139605,plasmid,0,1,0,1
TEM,gene:plasmid:148146,plasmid,0,0,1,1
TEM,gene:plasmid:148146,plasmid,0,0,3,1
TEM,gene:plasmid:148146,plasmid,0,1,0,1
TEM,gene:plasmid:148147,plasmid,0,0,1,1
TEM,gene:plasmid:148149,plasmid,0,0,1,1
TEM,gene:plasmid:148149,plasmid,0,0,3,1
TEM,gene:plasmid:148219,plasmid,0,1,0,1
TEM,gene:plasmid:151298,likely IS/TE,0,0,3,1
TEM,gene:plasmid:158872,plasmid,0,0,1,1
TEM,gene:plasmid:158872,plasmid,0,1,0,1
TEM,gene:plasmid:15978,plasmid,0,0,1,2
TEM,gene:plasmid:15979,plasmid,0,0,1,1
TEM,gene:plasmid:15979,plasmid,0,1,3,1
TEM,gene:plasmid:15980,plasmid,0,1,0,1
TEM,gene:plasmid:19383,plasmid,1,0,3,1
TEM,gene:plasmid:19387,plasmid,1,0,3,1
TEM,gene:plasmid:19403,plasmid,0,1,0,1
TEM,gene:plasmid:19404,plasmid,0,1,0,1
TEM,gene:plasmid:19727,plasmid,0,1,0,1
TEM,gene:plasmid:19728,plasmid,0,1,1,1
TEM,gene:plasmid:19729,plasmid,0,1,0,1
TEM,gene:plasmid:19732,plasmid,0,0,3,1
TEM,gene:plasmid:83798,likely IS/TE,0,1,0,1
TEM,gene:plasmid:84461,plasmid,0,1,0,1
TEM,gene:plasmid:84548,plasmid,0,0,3,1
TEM,gene:plasmid:84549,plasmid,0,0,3,1
TEM,gene:plasmid:84599,plasmid,0,0,1,1
TEM,gene:plasmid:91702,likely IS/TE,0,0,3,1
TEM,gene:plasmid:91781,likely IS/TE,0,1,0,1
TERB,gene:plasmid:155919,plasmid,0,1,0,4
TERB,gene:plasmid:155929,plasmid,0,1,0,4
TERB,gene:plasmid:155947,plasmid,0,1,0,5
TERB,gene:plasmid:155951,plasmid,0,1,0,3
TERB,gene:plasmid:155957,plasmid,0,1,0,1
TERB,gene:plasmid:155959,plasmid,0,1,0,1
TERB,gene:plasmid:155985,plasmid,0,1,0,1
TERB,gene:plasmid:155987,plasmid,0,1,0,4
TERB,gene:plasmid:156009,plasmid,0,1,0,3
TERB,gene:plasmid:156020,plasmid,0,1,0,3
TERB,gene:plasmid:156022,plasmid,0,1,0,3
TERB,gene:plasmid:156023,plasmid,0,1,0,3
TERB,gene:plasmid:156025,plasmid,0,1,0,4
TERB,gene:plasmid:156032,plasmid,0,1,0,1
TERB,gene:plasmid:156038,plasmid,0,1,0,4
TERB,gene:plasmid:156047,plasmid,0,1,0,1
TERB,gene:plasmid:156050,plasmid,0,1,0,1
TERB,gene:plasmid:156075,plasmid,0,1,0,1
TERB,gene:plasmid:156077,plasmid,0,1,0,1
TERB,gene:plasmid:156115,plasmid,0,1,0,1
TERB,gene:plasmid:156120,plasmid,0,1,0,4
TERB,gene:plasmid:156124,plasmid,0,1,0,4
TERB,gene:plasmid:156136,plasmid,0,1,0,3
TERB,gene:plasmid:156155,plasmid,0,1,0,3
TERB,gene:plasmid:156156,plasmid,0,1,0,4
TERB,gene:plasmid:156157,plasmid,0,1,0,4
TERB,gene:plasmid:156161,plasmid,0,1,0,4
TERB,gene:plasmid:156832,likely IS/TE,0,1,0,2
TERB,gene:plasmid:24194,plasmid,0,1,0,1
TERB,gene:plasmid:24195,plasmid,0,1,0,1
TERB,gene:plasmid:24202,plasmid,0,1,0,1
TERB,gene:plasmid:24634,plasmid,0,1,0,1
TERB,gene:plasmid:24637,plasmid,0,1,0,1
TERB,gene:plasmid:24639,plasmid,0,1,0,1
TERB,gene:proph:163834,likely IS/TE,0,1,0,2
TERD,gene:plasmid:155919,plasmid,0,1,0,1
TERW,gene:plasmid:117704,plasmid,0,1,0,1
TERW,gene:plasmid:117783,plasmid,0,1,0,1
TERW,gene:plasmid:151267,likely IS/TE,0,1,0,1
TERW,gene:plasmid:153861,plasmid,0,1,0,1
TERW,gene:plasmid:153862,plasmid,0,1,0,1
TERW,gene:plasmid:153863,plasmid,0,1,0,1
TERW,gene:plasmid:153864,plasmid,0,1,0,1
TERW,gene:plasmid:153865,plasmid,0,1,0,1
TERW,gene:plasmid:153867,plasmid,0,1,0,1
TERW,gene:plasmid:153868,plasmid,0,1,0,1
TERW,gene:plasmid:154074,plasmid,0,1,0,1
TERW,gene:plasmid:154075,plasmid,0,1,0,1
TERW,gene:plasmid:154076,plasmid,0,1,0,1
TERW,gene:plasmid:154077,plasmid,0,1,0,1
TERW,gene:plasmid:154078,plasmid,0,1,0,1
TERW,gene:plasmid:154080,plasmid,0,1,0,2
TERW,gene:plasmid:154081,plasmid,0,1,0,2
TERW,gene:plasmid:154082,plasmid,0,1,0,2
TERW,gene:plasmid:154083,plasmid,0,1,0,1
TERW,gene:plasmid:24099,plasmid,0,1,0,1
TERW,gene:plasmid:24100,plasmid,0,1,0,1
TERW,gene:plasmid:24101,plasmid,0,1,0,1
TERW,gene:plasmid:24102,plasmid,0,1,0,1
TERW,gene:plasmid:24229,plasmid,0,1,0,1
TERW,gene:plasmid:24230,plasmid,0,1,0,1
TERW,gene:plasmid:24231,plasmid,0,1,0,1
TERW,gene:plasmid:24232,plasmid,0,1,0,1
TERW,gene:plasmid:24233,plasmid,0,1,0,1
TERW,gene:plasmid:24236,plasmid,0,1,0,1
TERW,gene:plasmid:24237,plasmid,0,1,0,1
TERW,gene:plasmid:24240,plasmid,0,1,0,1
TERW,gene:plasmid:24243,plasmid,0,1,0,1
TERW,gene:plasmid:24290,plasmid,0,1,0,1
TERW,gene:plasmid:24295,plasmid,0,1,0,1
TERW,gene:plasmid:24300,plasmid,0,1,0,1
TERW,gene:plasmid:24302,plasmid,0,1,0,1
TERW,gene:plasmid:24309,plasmid,0,1,0,1
TERW,gene:plasmid:24529,plasmid,0,1,0,1
TERW,gene:plasmid:24530,plasmid,0,1,0,1
TERW,gene:plasmid:24532,plasmid,0,1,0,1
TERW,gene:plasmid:24534,plasmid,0,1,0,1
TERW,gene:plasmid:24555,plasmid,0,1,0,1
TERW,gene:plasmid:24562,plasmid,0,1,0,1
TERW,gene:plasmid:24564,plasmid,0,1,0,1
TERW,gene:plasmid:24565,plasmid,0,1,0,1
TERW,gene:plasmid:24568,plasmid,0,1,0,1
TERW,gene:plasmid:24579,plasmid,0,1,0,1
TERW,gene:plasmid:24580,plasmid,0,1,0,1
TERW,gene:plasmid:24581,plasmid,0,1,0,1
TERW,gene:plasmid:24583,plasmid,0,1,0,1
TERW,gene:plasmid:24584,plasmid,0,1,0,1
TERW,gene:plasmid:24587,plasmid,0,1,0,1
TERW,gene:plasmid:24591,plasmid,0,1,0,1
TERW,gene:plasmid:24594,plasmid,0,1,0,1
TERW,gene:plasmid:24620,plasmid,0,1,0,1
TET40,gene:plasmid:147544,plasmid,0,1,0,1
TET40,gene:plasmid:97786,plasmid,0,1,0,1
TETA,gene:plasmid:119667,plasmid,0,1,0,1
TETA,gene:plasmid:119671,plasmid,0,1,0,1
TETA,gene:plasmid:121416,plasmid,0,1,0,1
TETA,gene:plasmid:121436,plasmid,0,1,0,1
TETA,gene:plasmid:121439,plasmid,0,1,0,1
TETA,gene:plasmid:123181,plasmid,0,0,1,1
TETA,gene:plasmid:123181,plasmid,0,1,0,1
TETA,gene:plasmid:123182,plasmid,0,0,1,1
TETA,gene:plasmid:123182,plasmid,0,1,0,1
TETA,gene:plasmid:123279,plasmid,0,1,0,1
TETA,gene:plasmid:123298,plasmid,0,1,0,1
TETA,gene:plasmid:123299,plasmid,0,1,0,2
TETA,gene:plasmid:123300,plasmid,0,1,0,1
TETA,gene:plasmid:123301,likely IS/TE,0,1,0,1
TETA,gene:plasmid:123302,plasmid,0,1,0,1
TETA,gene:plasmid:123303,plasmid,0,1,0,1
TETA,gene:plasmid:123304,plasmid,0,1,0,1
TETA,gene:plasmid:123305,plasmid,0,1,0,2
TETA,gene:plasmid:123306,plasmid,0,1,0,2
TETA,gene:plasmid:123307,plasmid,0,1,0,2
TETA,gene:plasmid:123308,plasmid,0,1,0,1
TETA,gene:plasmid:123309,plasmid,0,1,0,2
TETA,gene:plasmid:123310,plasmid,0,1,0,1
TETA,gene:plasmid:123311,plasmid,0,1,0,1
TETA,gene:plasmid:123313,plasmid,0,1,0,1
TETA,gene:plasmid:123334,plasmid,0,1,0,1
TETA,gene:plasmid:123335,plasmid,0,1,0,1
TETA,gene:plasmid:123336,plasmid,0,1,0,1
TETA,gene:plasmid:123337,plasmid,0,1,0,1
TETA,gene:plasmid:123338,plasmid,0,1,0,1
TETA,gene:plasmid:123341,plasmid,0,1,0,1
TETA,gene:plasmid:123367,likely IS/TE,0,0,1,1
TETA,gene:plasmid:139605,plasmid,0,1,0,1
TETA,gene:plasmid:139633,likely IS/TE,0,1,0,1
TETA,gene:plasmid:139639,likely IS/TE,0,1,0,1
TETA,gene:plasmid:158835,plasmid,0,0,3,1
TETA,gene:plasmid:16008,plasmid,0,1,0,1
TETA,gene:plasmid:16009,plasmid,0,1,0,1
TETA,gene:plasmid:19402,plasmid,0,0,1,1
TETA,gene:plasmid:19403,plasmid,0,0,1,1
TETA,gene:plasmid:19403,plasmid,0,1,0,1
TETA,gene:plasmid:19413,plasmid,0,1,0,1
TETA,gene:plasmid:24704,plasmid,0,1,0,1
TETA,gene:plasmid:24705,plasmid,0,1,0,1
TETA,gene:plasmid:24706,plasmid,0,1,0,1
TETA,gene:plasmid:24707,plasmid,0,1,0,1
TETA,gene:plasmid:24709,plasmid,0,1,0,1
TETA,gene:plasmid:24710,plasmid,0,1,0,1
TETA,gene:plasmid:84548,plasmid,0,1,0,1
TETA46,ICEberg|362|Tn1311|GenBank|...,ICE,0,1,0,1
TETB,gene:plasmid:119652,likely IS/TE,0,1,3,1
TETB,gene:plasmid:119653,plasmid,0,1,3,1
TETB,gene:plasmid:119654,plasmid,0,1,3,1
TETB,gene:plasmid:119655,plasmid,0,1,3,1
TETB,gene:plasmid:119656,plasmid,0,1,3,1
TETB,gene:plasmid:119657,plasmid,0,1,3,1
TETB,gene:plasmid:119658,plasmid,0,1,3,1
TETB,gene:plasmid:119659,plasmid,0,1,3,1
TETB,gene:plasmid:119660,plasmid,0,1,3,1
TETB,gene:plasmid:119661,plasmid,0,1,3,1
TETB,gene:plasmid:119662,plasmid,0,1,3,1
TETB,gene:plasmid:119757,plasmid,0,0,3,1
TETB,gene:plasmid:123312,plasmid,0,0,3,1
TETB,gene:plasmid:139631,plasmid,0,0,3,1
TETB,gene:plasmid:139661,plasmid,0,0,3,1
TETB,gene:plasmid:148219,plasmid,0,0,3,1
TETB,gene:plasmid:148220,plasmid,0,0,3,1
TETB,gene:plasmid:151296,plasmid,0,0,3,1
TETB,gene:plasmid:151298,likely IS/TE,0,0,3,1
TETB,gene:plasmid:84460,plasmid,0,0,3,1
TETB,gene:plasmid:84461,plasmid,0,0,3,1
TETB,gene:plasmid:88444,likely IS/TE,0,1,3,1
TETD,gene:plasmid:109131,likely IS/TE,0,1,0,1
TETD,gene:plasmid:109133,plasmid,0,1,0,2
TETD,gene:plasmid:109134,plasmid,0,1,0,1
TETD,gene:plasmid:136299,likely IS/TE,0,1,0,1
TETD,gene:plasmid:136301,plasmid,0,1,0,1
TETD,gene:plasmid:91778,likely IS/TE,0,1,0,1
TETM,ICEberg|399|CTn2|GenBank|AM...,ICE,0,1,0,1
TETM,ICEberg|47|Tn5251(partofTn5...,ICE,0,1,0,1
TETM,gene:plasmid:15551,plasmid,0,0,3,1
TETM,gene:proph:175648,prophage,0,0,1,1
TETM,gene:proph:175649,prophage,0,0,1,1
TETM,gene:proph:175690,prophage,0,0,1,1
TETM,gene:proph:175690,prophage,0,0,3,1
TETM,gene:proph:181669,prophage,0,0,3,1
TETM,gene:proph:181670,prophage,0,0,3,1
TETO,gene:plasmid:21336,plasmid,0,0,1,1
TETQ,ICEberg|58|ICEBfrYCH46-1|Ge...,ICE,0,0,1,1
TETQ,ICEberg|58|ICEBfrYCH46-1|Ge...,ICE,0,0,3,1
TETQ,ICEberg|58|ICEBfrYCH46-1|Ge...,ICE,1,0,3,1
TETQ,gene:plasmid:138875,plasmid,0,0,1,1
TETQ,gene:plasmid:146529,plasmid,0,0,1,1
TETX,ICEberg|3|CTnDOT|GenBank|AJ...,ICE,0,1,0,1
TETX,ICEberg|3|CTnDOT|GenBank|AJ...,ICE,1,0,3,1
TETX,ICEberg|58|ICEBfrYCH46-1|Ge...,ICE,0,1,0,1
TETX,gene:plasmid:133387,plasmid,0,0,1,1
TETX,gene:plasmid:133390,plasmid,0,0,1,1
TETX,gene:plasmid:133396,plasmid,0,0,1,1
TETX,gene:plasmid:133397,plasmid,0,0,1,1
TETX,gene:plasmid:133400,plasmid,0,0,1,1
TOLC,gene:plasmid:123257,plasmid,0,0,1,1
TOLC,gene:plasmid:123257,plasmid,0,1,0,1
UGD,gene:plasmid:114251,likely IS/TE,0,0,3,1
UGD,gene:plasmid:114252,likely IS/TE,0,0,3,1
UGD,gene:plasmid:155982,plasmid,0,0,3,1
UGD,gene:plasmid:156169,plasmid,0,0,3,1
UGD,gene:plasmid:84622,likely IS/TE,0,1,1,1
UGD,gene:proph:163837,prophage,0,1,0,1
UGD,gene:proph:163864,prophage,0,1,0,1
UGD,gene:proph:163865,prophage,0,1,0,1
UGD,gene:proph:163866,prophage,0,1,0,1
UGD,gene:proph:163867,prophage,0,1,0,1
UGD,gene:proph:163869,prophage,0,1,0,1
UGD,gene:proph:163870,prophage,0,1,0,1
UGD,gene:proph:163871,prophage,0,1,0,1
UGD,gene:proph:163872,prophage,0,1,0,1
UGD,gene:proph:163873,prophage,0,1,0,1
UGD,gene:proph:163874,prophage,0,1,0,1
UGD,gene:proph:163876,prophage,0,1,0,1
UGD,gene:proph:163877,prophage,0,1,0,1
UGD,gene:proph:163878,prophage,0,1,0,1
UGD,gene:proph:163881,prophage,0,1,0,1
UGD,gene:proph:163883,prophage,0,1,0,1
UGD,gene:proph:163885,prophage,0,1,0,1
UGD,gene:proph:163886,prophage,0,1,0,1
UGD,gene:proph:163888,prophage,0,1,0,1
UGD,gene:proph:163889,prophage,0,1,0,1
UGD,gene:proph:163890,prophage,0,1,0,1
UGD,gene:proph:163891,prophage,0,1,0,1
UGD,gene:proph:163893,prophage,0,1,0,1
UGD,gene:proph:163895,prophage,0,1,0,1
UGD,gene:proph:163896,prophage,0,1,0,1
UGD,gene:proph:163897,prophage,0,1,0,1
UGD,gene:proph:163899,prophage,0,1,0,1
UGD,gene:proph:163900,prophage,0,1,0,1
UGD,gene:proph:163902,prophage,0,1,0,1
UGD,gene:proph:163903,prophage,0,1,0,1
UGD,gene:proph:163904,prophage,0,1,0,1
UGD,gene:proph:163905,prophage,0,1,0,1
UGD,gene:proph:163908,prophage,0,1,0,1
UGD,gene:proph:163910,prophage,0,1,0,1
UGD,gene:proph:163911,prophage,0,1,0,1
UGD,gene:proph:163912,prophage,0,1,0,1
UGD,gene:proph:163914,prophage,0,1,0,1
UGD,gene:proph:163918,prophage,0,1,0,1
UGD,gene:proph:163921,prophage,0,1,0,1
UGD,gene:proph:163927,prophage,0,1,0,1
UGD,gene:proph:163934,prophage,0,1,0,1
UGD,gene:proph:163935,prophage,0,1,0,1
UGD,gene:proph:163942,prophage,0,1,0,1
UGD,gene:proph:163947,prophage,0,1,0,1
UGD,gene:proph:172401,prophage,0,1,0,2
UGD,gene:proph:172635,prophage,0,1,0,1
UGD,gene:proph:176738,prophage,0,1,0,1
UGD,gene:proph:176839,prophage,0,1,0,1
UGD,gene:proph:176844,prophage,0,1,0,1
UGD,gene:proph:176849,prophage,0,1,0,1
UGD,gene:proph:176867,prophage,0,1,0,1
UGD,gene:proph:179438,prophage,0,0,1,1
UGD,gene:proph:179485,prophage,0,1,0,2
UGD,gene:proph:181065,prophage,0,1,0,1
UGD,gene:proph:181233,prophage,0,1,0,1
UGD,gene:proph:181237,prophage,0,1,0,1
UGD,gene:proph:181239,prophage,0,1,0,1
UGD,gene:proph:181241,prophage,0,1,0,1
UGD,gene:proph:181266,prophage,0,1,0,1
UGD,gene:proph:181272,prophage,0,1,0,1
UGD,gene:proph:182999,prophage,0,1,0,1
UGD,gene:proph:183007,prophage,0,1,0,1
UGD,gene:proph:183022,prophage,0,1,0,1
UGD,gene:proph:183023,prophage,0,1,0,1
UGD,gene:proph:183024,prophage,0,1,0,1
UGD,gene:proph:183034,prophage,0,1,0,1
UGD,gene:proph:183569,prophage,0,1,0,1
UGD,gene:proph:183570,prophage,0,1,0,1
UGD,gene:proph:183571,prophage,0,1,0,1
UGD,gene:proph:183572,prophage,0,1,0,1
UGD,gene:proph:183581,prophage,0,1,0,1
UGD,gene:proph:183629,prophage,0,1,0,1
UGD,gene:vir:100922,virus,0,1,0,1
UGD,gene:vir:10248,virus,0,1,0,1
UGD,gene:vir:105366,virus,0,1,0,1
UGD,gene:vir:105375,virus,0,1,0,1
UGD,gene:vir:105378,virus,0,1,0,1
UGD,gene:vir:105389,virus,0,1,0,1
UGD,gene:vir:105392,virus,0,1,0,1
UGD,gene:vir:105399,virus,0,1,0,1
UGD,gene:vir:108549,virus,0,1,0,1
UGD,gene:vir:1321,virus,0,1,0,1
UGD,gene:vir:160,virus,0,1,0,1
UGD,gene:vir:166,virus,0,1,0,1
UGD,gene:vir:1919,virus,0,1,0,1
UGD,gene:vir:1921,virus,0,1,0,1
UGD,gene:vir:1925,virus,0,1,0,1
UGD,gene:vir:1930,virus,0,1,0,1
UGD,gene:vir:219,virus,0,1,0,1
UGD,gene:vir:229,virus,0,1,0,1
UGD,gene:vir:235,virus,0,1,0,1
UGD,gene:vir:244,virus,0,1,0,1
UGD,gene:vir:4534,virus,0,1,0,2
UGD,gene:vir:4535,virus,0,1,0,1
UGD,gene:vir:77584,virus,0,1,0,1
VANC,gene:plasmid:20177,plasmid,0,1,0,1
VANHA,gene:plasmid:135622,likely IS/TE,0,0,1,1
VANRA,gene:plasmid:135622,likely IS/TE,0,1,0,1
VANRA,gene:plasmid:139262,plasmid,0,1,0,1
VANRA,gene:plasmid:139263,plasmid,0,1,0,1
VANRA,gene:plasmid:139267,plasmid,0,1,0,1
VANRA,gene:plasmid:146017,plasmid,0,1,1,1
VANRA,gene:plasmid:146021,plasmid,0,0,1,1
VANRA,gene:plasmid:146021,plasmid,0,1,0,1
VANRA,gene:plasmid:156359,plasmid,0,1,0,1
VANRA,gene:plasmid:156361,plasmid,0,1,0,1
VANRA,gene:plasmid:28749,plasmid,0,1,0,2
VANRA,gene:plasmid:28749,plasmid,0,1,1,2
YBTP,gene:plasmid:123177,likely IS/TE,0,1,0,1
YBTP,gene:plasmid:155982,plasmid,0,1,0,2
YBTP,gene:plasmid:156169,plasmid,0,1,0,2
YBTP,gene:plasmid:157758,likely IS/TE,0,1,0,1
YBTP,gene:plasmid:20177,plasmid,0,1,0,1
YBTP,gene:plasmid:88436,plasmid,0,1,0,1
YBTP,gene:proph:183581,prophage,0,1,0,1
YCHH,gene:plasmid:117813,likely IS/TE,0,0,3,1
YCHH,gene:plasmid:142103,likely IS/TE,0,0,3,1
YCHH,gene:plasmid:15993,likely IS/TE,0,0,3,1
YCHH,gene:plasmid:15994,likely IS/TE,0,0,3,1
YCHH,gene:plasmid:24510,likely IS/TE,0,1,0,1
YCHH,gene:plasmid:25437,likely IS/TE,0,1,0,1
YCHH,gene:proph:163918,prophage,0,0,3,1
YCHH,gene:proph:163934,prophage,0,0,3,1
YCHH,gene:proph:163935,prophage,0,0,3,1
YCHH,gene:proph:163947,prophage,0,0,3,1
YCHH,gene:proph:172549,prophage,0,0,3,1
YCHH,gene:proph:172550,prophage,0,0,3,1
YCHH,gene:proph:172557,prophage,0,0,3,1
YCHH,gene:proph:172596,prophage,0,0,3,1
YCHH,gene:proph:173951,prophage,0,0,3,1
YCHH,gene:proph:176804,prophage,0,0,3,1
YCHH,gene:proph:176808,prophage,0,0,3,1
YCHH,gene:proph:177498,prophage,0,0,3,1
YCHH,gene:proph:177500,prophage,0,0,3,1
YCHH,gene:proph:177582,prophage,0,0,3,1
YCHH,gene:proph:177584,prophage,0,0,3,1
YCHH,gene:proph:177598,prophage,0,0,3,1
YCHH,gene:proph:183012,prophage,0,1,0,1
YCHH,gene:proph:183019,prophage,0,1,0,1
YCHH,gene:vir:104392,virus,0,0,3,1
YCHH,gene:vir:108421,virus,0,0,3,1
YCHH,gene:vir:108646,virus,0,0,3,1
YCHH,gene:vir:469,virus,0,0,3,1
YDEI,gene:proph:159061,prophage,0,0,1,1
YDEI,gene:proph:159061,prophage,0,0,3,1
YDEI,gene:proph:159061,prophage,0,1,0,3
YDEI,gene:proph:159068,prophage,0,1,0,1
YDEI,gene:proph:163928,prophage,0,0,1,3
YDEI,gene:proph:163928,prophage,0,0,3,2
YDEI,gene:proph:163928,prophage,0,1,0,7
YDEI,gene:proph:163928,prophage,0,1,3,1
YDEI,gene:proph:163928,prophage,1,1,3,1
YDEI,gene:proph:163940,prophage,0,0,1,1
YDEI,gene:proph:163940,prophage,0,0,3,1
YDEI,gene:proph:163940,prophage,0,1,0,5
YDEI,gene:proph:163940,prophage,0,1,3,1
YDEI,gene:proph:163940,prophage,1,0,3,1
YDEI,gene:proph:172431,prophage,0,1,0,2
YDEI,gene:proph:172438,prophage,0,0,3,1
YDEI,gene:proph:172438,prophage,0,1,0,1
YDEI,gene:proph:172441,prophage,0,1,0,1
YDEI,gene:proph:172449,prophage,0,0,1,1
YDEI,gene:proph:172449,prophage,0,0,3,1
YDEI,gene:proph:172449,prophage,0,1,0,1
YDEI,gene:proph:172451,prophage,0,0,3,2
YDEI,gene:proph:176710,prophage,0,1,0,1
YDEI,gene:proph:176712,prophage,0,1,0,1
YDEI,gene:proph:176720,prophage,0,0,3,1
YDEI,gene:proph:176721,prophage,0,0,3,1
YDEI,gene:proph:176727,prophage,0,1,0,1
YDEI,gene:proph:176730,prophage,0,1,0,1
YDEI,gene:proph:176731,prophage,0,1,0,1
YDEI,gene:proph:176732,prophage,0,1,0,2
YDEI,gene:proph:177484,prophage,0,1,0,1
YDEI,gene:proph:177577,prophage,0,0,3,1
YDEI,gene:proph:177577,prophage,0,1,0,1
YDEI,gene:proph:179432,prophage,0,0,3,1
YDEI,gene:proph:179432,prophage,0,1,0,1
YDEI,gene:proph:179433,prophage,0,0,3,1
YDEI,gene:proph:179433,prophage,0,1,0,2
YDEI,gene:proph:179434,prophage,0,1,0,2
YDEI,gene:proph:179435,prophage,0,0,3,1
YDEI,gene:proph:179436,prophage,0,0,3,1
YDEI,gene:proph:179439,prophage,0,1,0,1
YDEI,gene:proph:179440,prophage,1,0,3,1
YDEI,gene:proph:179463,prophage,0,0,3,1
YDEI,gene:proph:179464,prophage,0,0,3,1
YDEI,gene:proph:181136,prophage,0,1,0,1
YDEI,gene:proph:181137,prophage,0,1,0,1
YDEI,gene:proph:181139,prophage,0,1,0,1
YDEI,gene:proph:181145,prophage,0,1,0,2
YDEI,gene:proph:181220,prophage,0,1,0,1
YDEI,gene:proph:181300,prophage,0,1,0,1
YDEI,gene:proph:182915,prophage,0,0,3,1
YDEI,gene:proph:182918,prophage,1,0,3,1
YDEI,gene:proph:182930,prophage,0,0,3,1
YDEI,gene:proph:182930,prophage,0,1,0,5
YDEI,gene:proph:182930,prophage,1,0,3,1
YDEI,gene:proph:182931,prophage,0,0,3,1
YDEI,gene:proph:182932,prophage,1,0,3,1
YDEI,gene:vir:3433,virus,0,0,3,1
YDEI,gene:vir:3434,virus,0,0,3,1
YDEI,gene:vir:3435,virus,0,0,3,1
YDEI,gene:vir:3436,virus,0,0,3,1
YDEI,gene:vir:79529,virus,0,0,3,1
YDEI,gene:vir:79536,virus,0,1,0,2
YDEI,gene:vir:79539,virus,0,0,3,1
YDEI,gene:vir:79555,virus,0,1,0,1
YDEI,gene:vir:79556,virus,0,1,0,1
YDEI,gene:vir:79562,virus,0,1,0,2
YDEI,gene:vir:79565,virus,0,1,0,1
YDEO,gene:plasmid:14307,likely IS/TE,0,0,3,1
YDEP,gene:plasmid:24248,likely IS/TE,0,1,0,1
YGJH,gene:plasmid:117442,plasmid,0,0,3,1
YGJH,gene:plasmid:123257,plasmid,0,0,3,2
YGJH,gene:plasmid:123257,plasmid,0,1,0,2
YGJH,gene:proph:163818,prophage,0,0,3,1
YGJH,gene:proph:163818,prophage,0,1,0,6
YJAA,gene:plasmid:109300,plasmid,0,1,3,1
YJAA,gene:plasmid:117449,likely IS/TE,0,0,3,1
YJAA,gene:plasmid:121457,likely IS/TE,0,0,3,1
YJAA,gene:plasmid:121458,likely IS/TE,0,0,3,1
YJAA,gene:plasmid:148203,likely IS/TE,0,0,1,1
YJAA,gene:plasmid:151223,likely IS/TE,0,0,3,1
YJAA,gene:plasmid:157762,plasmid,0,0,3,1
YJAA,gene:plasmid:16099,plasmid,0,0,1,1
YJAA,gene:plasmid:84559,plasmid,0,0,3,1
YJAA,gene:proph:159040,prophage,0,1,0,1
YJAA,gene:proph:159046,prophage,0,1,0,1
YJAA,gene:proph:159053,prophage,0,1,0,1
YJAA,gene:proph:163833,prophage,0,0,3,1
YJAA,gene:proph:163931,prophage,0,1,0,2
YJAA,gene:proph:172466,prophage,0,0,3,1
YJAA,gene:proph:172470,prophage,0,0,3,1
YJAA,gene:proph:173451,prophage,0,1,0,2
YJAA,gene:proph:176065,prophage,0,0,3,1
YJAA,gene:proph:176068,prophage,0,0,3,1
YJAA,gene:proph:176736,prophage,0,0,3,1
YJAA,gene:proph:176737,prophage,0,1,0,1
YJAA,gene:proph:176738,prophage,0,1,0,1
YJAA,gene:proph:176741,prophage,0,0,3,1
YJAA,gene:proph:176792,prophage,0,0,3,1
YJAA,gene:proph:176862,prophage,0,0,3,1
YJAA,gene:proph:176863,prophage,0,0,3,1
YJAA,gene:proph:177428,prophage,0,1,0,1
YJAA,gene:proph:179440,prophage,0,0,3,1
YJAA,gene:proph:179442,prophage,0,0,3,1
YJAA,gene:proph:179443,prophage,0,0,3,1
YJAA,gene:proph:179448,prophage,0,0,3,1
YJAA,gene:proph:179452,prophage,0,0,3,1
YJAA,gene:proph:179456,prophage,0,0,3,1
YJAA,gene:proph:179457,prophage,0,0,3,1
YJAA,gene:proph:179475,prophage,0,1,0,1
YJAA,gene:proph:179481,prophage,0,1,0,1
YJAA,gene:proph:179485,prophage,0,1,0,1
YJAA,gene:proph:179486,prophage,0,1,0,1
YJAA,gene:proph:181068,prophage,0,1,0,2
YJAA,gene:proph:181075,prophage,0,1,0,2
YJAA,gene:proph:181076,prophage,0,1,0,2
YJAA,gene:proph:181077,prophage,0,1,0,1
YJAA,gene:proph:181080,prophage,0,1,0,2
YJAA,gene:proph:181081,prophage,0,1,0,1
YJAA,gene:proph:181082,prophage,0,1,0,1
YJAA,gene:proph:181083,prophage,0,1,0,1
YJAA,gene:proph:181084,prophage,0,1,0,1
YJAA,gene:proph:181085,prophage,0,1,0,1
YJAA,gene:proph:181089,prophage,0,1,0,1
YJAA,gene:proph:181093,prophage,0,1,0,1
YJAA,gene:proph:181095,prophage,0,1,0,1
YJAA,gene:proph:181096,prophage,0,1,0,2
YJAA,gene:proph:181110,prophage,0,1,0,1
YJAA,gene:proph:181111,prophage,0,1,0,1
YJAA,gene:proph:181119,prophage,0,1,0,1
YJAA,gene:proph:181148,prophage,0,0,3,1
YJAA,gene:proph:181148,prophage,0,1,0,1
YJAA,gene:proph:181149,prophage,0,0,3,1
YJAA,gene:proph:181151,prophage,0,0,3,1
YJAA,gene:proph:181153,prophage,0,0,3,1
YJAA,gene:proph:181154,prophage,0,0,3,1
YJAA,gene:proph:181158,prophage,0,1,0,1
YJAA,gene:proph:181161,prophage,0,1,0,1
YJAA,gene:proph:181162,prophage,0,0,3,1
YJAA,gene:proph:181163,prophage,0,0,3,1
YJAA,gene:proph:181306,prophage,0,0,3,1
YJAA,gene:proph:181307,prophage,0,0,3,1
YJAA,gene:proph:181310,prophage,0,0,3,1
YJAA,gene:proph:181315,prophage,0,0,3,1
YJAA,gene:proph:183545,prophage,0,1,0,1
YJAA,gene:proph:183546,prophage,0,1,0,1
YJAA,gene:proph:183549,prophage,0,1,0,2
YJAA,gene:proph:183553,prophage,0,1,0,2
YJAA,gene:proph:183635,prophage,0,1,0,2
YJAA,gene:vir:10190,virus,0,0,3,1
YJAA,gene:vir:166,virus,0,0,3,1
YJAA,gene:vir:3424,virus,0,0,3,1
YJAA,gene:vir:3431,virus,0,0,3,1
YJAA,gene:vir:4508,virus,0,1,0,1
YJAA,gene:vir:4509,virus,0,1,0,1
YJAA,gene:vir:4510,virus,0,1,0,1
YJAA,gene:vir:4511,virus,0,1,0,1
YJAA,gene:vir:4512,virus,0,1,0,1
YJAA,gene:vir:4514,virus,0,1,0,2
YJAA,gene:vir:4515,virus,0,1,0,1
YJAA,gene:vir:4518,virus,0,1,0,1
YJAA,gene:vir:4520,virus,0,1,0,1
YJAA,gene:vir:4521,virus,0,1,0,2
YJAA,gene:vir:4523,virus,0,1,0,2
YJAA,gene:vir:4525,virus,0,1,0,1
YJAA,gene:vir:4536,virus,0,0,3,1
YJAA,gene:vir:4537,virus,0,0,3,1
YJAA,gene:vir:4537,virus,0,1,0,1
YJAA,gene:vir:4545,virus,0,0,3,1
YJAA,gene:vir:4546,virus,0,0,3,1
YJAA,gene:vir:4546,virus,0,1,0,1
YJAA,gene:vir:4547,virus,0,0,3,1
YJAA,gene:vir:4547,virus,0,1,0,1
YJAA,gene:vir:4549,virus,0,1,0,1
YJAA,gene:vir:4552,virus,0,1,0,2
YJAA,gene:vir:4554,virus,0,0,3,1
YJAA,gene:vir:4555,virus,0,0,3,1
YJAA,gene:vir:4559,virus,0,1,0,2
YJAA,gene:vir:769,virus,0,1,0,1
YJAA,gene:vir:79550,virus,0,0,3,1
YJAA,gene:vir:79552,virus,0,1,0,2
YJAA,gene:vir:79569,virus,0,1,0,1
YJAA,gene:vir:79570,virus,0,0,3,1
YJAA,gene:vir:79572,virus,0,0,3,1
YJAA,gene:vir:79572,virus,0,1,0,2
YJAA,gene:vir:79578,virus,0,0,3,1
YJAA,gene:vir:79580,virus,0,0,3,1
YJAA,gene:vir:79580,virus,0,1,0,1
YJAA,gene:vir:79581,virus,0,0,3,1
YJAA,gene:vir:79582,virus,0,1,0,2
YJAA,gene:vir:79583,virus,0,0,3,1
YJAA,gene:vir:79583,virus,0,1,0,1
YJAA,gene:vir:95335,virus,0,1,0,1
YJCG,gene:plasmid:133420,plasmid,0,0,1,1
YJCG,gene:plasmid:154739,plasmid,0,1,0,1
YJCG,gene:plasmid:23148,plasmid,0,0,1,1
YJCG,gene:proph:170535,prophage,0,1,0,1
YJCG,gene:proph:179438,prophage,0,1,0,1
YODB,gene:plasmid:155982,plasmid,0,1,0,1
YODB,gene:plasmid:156169,plasmid,0,1,0,1
YODB,gene:plasmid:91930,likely IS/TE,0,1,0,1
YODB,gene:proph:163837,prophage,0,0,1,1
YODB,gene:proph:163837,prophage,0,0,3,1
YODB,gene:proph:163837,prophage,0,1,0,3
YODB,gene:proph:173445,prophage,0,0,1,1
YODB,gene:proph:176075,prophage,0,0,1,1
YODB,gene:proph:176780,prophage,0,0,1,1
YODB,gene:proph:179433,prophage,0,0,3,1
YODB,gene:proph:181068,prophage,0,0,1,1
YODB,gene:proph:181069,prophage,0,0,1,1
YODB,gene:proph:181076,prophage,0,0,1,1
YODB,gene:proph:181080,prophage,0,0,1,1
YODB,gene:proph:181081,prophage,0,0,1,1
YODB,gene:proph:181082,prophage,0,0,1,1
YODB,gene:proph:181083,prophage,0,0,1,1
YODB,gene:proph:181084,prophage,0,0,1,1
YODB,gene:proph:181095,prophage,0,0,1,1
YODB,gene:proph:181096,prophage,0,0,1,1
YODB,gene:proph:181127,prophage,0,0,1,1
YODB,gene:proph:181173,prophage,0,0,1,1
YODB,gene:proph:181174,prophage,0,0,1,1
YODB,gene:proph:182924,prophage,0,0,1,1
YODB,gene:proph:182925,prophage,0,0,1,1
YODB,gene:proph:183542,prophage,0,0,1,1
YODB,gene:proph:183544,prophage,0,0,1,1
YODB,gene:proph:183545,prophage,0,0,1,1
YODB,gene:proph:183548,prophage,0,0,1,1
YODB,gene:proph:183552,prophage,0,0,1,1
YODB,gene:proph:183553,prophage,0,0,1,1
YODB,gene:vir:105373,virus,0,0,1,1
YODB,gene:vir:4454,virus,0,0,1,1
YODB,gene:vir:4515,virus,0,0,1,1
YODB,gene:vir:4519,virus,0,0,1,1
YODB,gene:vir:4520,virus,0,0,1,1
YODB,gene:vir:4522,virus,0,0,1,1
YODB,gene:vir:4559,virus,0,0,1,1
YODB,gene:vir:5728,virus,0,0,1,1
YODB,gene:vir:6079,virus,0,0,1,1
YODB,gene:vir:98537,virus,0,0,1,1
YODB,gene:vir:98552,virus,0,0,1,1
YODB,gene:vir:98555,virus,0,0,1,1
YODB,gene:vir:98566,virus,0,0,1,1
YOGI,gene:plasmid:21828,plasmid,0,1,0,1
ZINT,gene:plasmid:123177,likely IS/TE,0,0,3,1
ZINT,gene:plasmid:155982,plasmid,0,0,3,1
ZINT,gene:plasmid:155982,plasmid,0,1,0,1
ZINT,gene:plasmid:156169,plasmid,0,1,3,1
ZINT,gene:proph:163837,prophage,0,0,3,1
ZNTA,gene:plasmid:24694,plasmid,0,1,0,1
ZNTA,gene:vir:1321,virus,0,0,1,1
ZNTR,gene:plasmid:151260,plasmid,0,0,1,5
ZNTR,gene:plasmid:151260,plasmid,0,0,3,3
ZNTR,gene:plasmid:151260,plasmid,0,1,0,10
ZNTR,gene:plasmid:151260,plasmid,0,1,1,2
ZNTR,gene:plasmid:151260,plasmid,0,1,3,3
ZNTR,gene:plasmid:151260,plasmid,1,0,3,1
ZNTR,gene:plasmid:151260,plasmid,1,1,3,1
ZNUA,ICEberg|127|ICEKpn342-1|Gen...,ICE,0,1,0,1
ZNUA,gene:plasmid:122282,likely IS/TE,0,1,0,1
ZNUA,gene:plasmid:147231,likely IS/TE,0,1,0,1
ZNUA,gene:plasmid:149415,plasmid,0,1,0,2
ZNUA,gene:plasmid:153884,plasmid,0,1,0,1
ZNUA,gene:plasmid:153887,plasmid,0,1,0,1
ZNUA,gene:plasmid:157415,plasmid,0,1,0,4
ZNUA,gene:plasmid:20177,plasmid,0,1,0,1
ZNUA,gene:plasmid:21942,likely IS/TE,0,1,0,1
ZNUA,gene:plasmid:21988,plasmid,0,1,0,3
ZNUA,gene:plasmid:21989,plasmid,0,1,0,1
ZNUA,gene:plasmid:89001,plasmid,0,1,0,1
ZNUA,gene:plasmid:91800,plasmid,0,1,0,1
ZNUA,gene:plasmid:91801,plasmid,0,1,0,1
ZNUA,gene:proph:161536,prophage,0,1,0,1
ZNUA,gene:proph:161537,prophage,0,1,0,1
ZNUA,gene:proph:163928,prophage,0,0,1,2
ZNUA,gene:proph:164853,prophage,0,1,0,1
ZNUA,gene:proph:164884,prophage,0,1,0,1
ZNUA,gene:proph:164906,prophage,0,1,0,1
ZNUA,gene:proph:164908,prophage,0,1,0,1
ZNUA,gene:proph:164912,prophage,0,1,0,1
ZNUA,gene:proph:173413,prophage,0,0,1,1
ZNUA,gene:proph:177428,prophage,0,1,0,1
ZNUA,gene:proph:183015,prophage,0,1,0,1
ZNUA,gene:proph:183019,prophage,0,1,0,1
ZNUA,gene:proph:183581,prophage,0,0,1,1
ZNUA,gene:proph:183581,prophage,0,0,3,1
ZNUA,gene:proph:183581,prophage,0,1,0,5
ZNUA,gene:vir:105031,virus,0,1,0,1
ZNUA,gene:vir:105035,virus,0,1,0,1
ZNUA,gene:vir:105038,virus,0,1,0,1
ZNUA,gene:vir:105041,virus,0,1,0,2
ZNUA,gene:vir:105044,virus,0,1,0,2
ZNUA,gene:vir:105050,virus,0,1,0,2
ZNUA,gene:vir:105055,virus,0,1,0,2
ZNUA,gene:vir:105059,virus,0,1,0,1
ZNUA,gene:vir:105063,virus,0,1,0,1
ZNUA,gene:vir:105064,virus,0,1,0,1
ZNUA,gene:vir:105067,virus,0,1,0,2
ZNUA,gene:vir:105083,virus,0,1,0,2
ZNUA,gene:vir:105087,virus,0,1,0,1
ZNUA,gene:vir:1321,virus,0,1,0,1
ZNUA,gene:vir:209,virus,0,1,0,1
ZNUC,gene:proph:183581,prophage,0,1,0,1
ZRAS,gene:plasmid:123887,plasmid,0,0,3,1
ZRAS,gene:plasmid:123887,plasmid,0,1,0,1
ZUPT,gene:plasmid:123257,plasmid,0,1,0,1
ZUPT,gene:plasmid:123257,plasmid,1,0,3,1
ZUR,gene:proph:159046,prophage,0,1,0,2
ZUR,gene:proph:163931,prophage,0,1,0,1
ZUR,gene:proph:173451,prophage,0,1,0,1
ZUR,gene:proph:176748,prophage,0,1,0,1
ZUR,gene:proph:179474,prophage,0,1,0,1
ZUR,gene:proph:179481,prophage,0,1,0,1
ZUR,gene:proph:179482,prophage,0,1,0,1
ZUR,gene:proph:179483,prophage,0,1,0,1
ZUR,gene:proph:179485,prophage,0,1,0,1
ZUR,gene:proph:181071,prophage,0,1,0,1
ZUR,gene:proph:181076,prophage,0,1,0,1
ZUR,gene:proph:181080,prophage,0,1,0,1
ZUR,gene:proph:181092,prophage,0,1,0,1
ZUR,gene:proph:181094,prophage,0,1,0,1
ZUR,gene:proph:181096,prophage,0,1,0,1
ZUR,gene:proph:181097,prophage,0,1,0,1
ZUR,gene:proph:181110,prophage,0,1,0,1
ZUR,gene:proph:181113,prophage,0,1,0,1
ZUR,gene:proph:181148,prophage,0,1,0,2
ZUR,gene:proph:181149,prophage,0,1,0,1
ZUR,gene:proph:181158,prophage,0,1,0,1
ZUR,gene:proph:183545,prophage,0,1,0,1
ZUR,gene:proph:183549,prophage,0,1,0,1
ZUR,gene:proph:183635,prophage,0,1,0,1
ZUR,gene:vir:4508,virus,0,1,0,1
ZUR,gene:vir:4509,virus,0,1,0,1
ZUR,gene:vir:4510,virus,0,1,0,1
ZUR,gene:vir:4511,virus,0,1,0,1
ZUR,gene:vir:4512,virus,0,1,0,1
ZUR,gene:vir:4514,virus,0,1,0,1
ZUR,gene:vir:4515,virus,0,1,0,1
ZUR,gene:vir:4520,virus,0,1,0,1
ZUR,gene:vir:4523,virus,0,1,0,1
ZUR,gene:vir:4537,virus,0,1,0,2
ZUR,gene:vir:4546,virus,0,1,0,1
ZUR,gene:vir:4547,virus,0,1,0,1
ZUR,gene:vir:4552,virus,0,1,0,1
ZUR,gene:vir:79547,virus,0,1,0,1
ZUR,gene:vir:79552,virus,0,1,0,1
ZUR,gene:vir:79580,virus,0,1,0,1
ZUR,gene:vir:79582,virus,0,1,0,1
